name,link,year_from,year_to,college
Chris Kaman,/players/k/kamanch01.html,2004,2016,Central Michigan University
Frank Kaminsky,/players/k/kaminfr01.html,2016,2017,University of Wisconsin
Enes Kanter,/players/k/kanteen01.html,2012,2017,
Jason Kapono,/players/k/kaponja01.html,2004,2012,"University of California, Los Angeles"
Sergey Karasev,/players/k/karasse01.html,2014,2016,
Coby Karl,/players/k/karlco01.html,2008,2010,Boise State University
George Karl,/players/k/karlge01.html,1974,1978,University of North Carolina
Mario Kasun,/players/k/kasunma01.html,2005,2006,
Sasha Kaun,/players/k/kaunsa01.html,2016,2016,University of Kansas
Clarence Kea,/players/k/keacl01.html,1981,1982,Lamar University
Adam Keefe,/players/k/keefead01.html,1993,2001,Stanford University
Harold Keeling,/players/k/keeliha01.html,1986,1986,Santa Clara University
Rich Kelley,/players/k/kelleri01.html,1976,1986,Stanford University
Clark Kellogg,/players/k/kellocl01.html,1983,1987,Ohio State University
Ryan Kelly,/players/k/kellyry01.html,2014,2017,Duke University
Greg Kelser,/players/k/kelsegr01.html,1980,1985,Michigan State University
Shawn Kemp,/players/k/kempsh01.html,1990,2003,Trinity Valley Community College
Tim Kempton,/players/k/kemptti01.html,1987,1998,University of Notre Dame
D.J. Kennedy,/players/k/kennedj01.html,2012,2012,St. John's University
Goo Kennedy,/players/k/kennego01.html,1972,1977,Texas Christian University
Larry Kenon,/players/k/kenonla01.html,1974,1983,University of Memphis
Jonathan Kerner,/players/k/kernejo01.html,1999,1999,East Carolina University
Steve Kerr,/players/k/kerrst01.html,1989,2003,University of Arizona
Jerome Kersey,/players/k/kerseje01.html,1985,2001,Longwood University
Alec Kessler,/players/k/kesslal01.html,1991,1994,University of Georgia
Lari Ketner,/players/k/ketnela01.html,2000,2001,University of Massachusetts Amherst
Randolph Keys,/players/k/keysra01.html,1989,1996,University of Southern Mississippi
Viktor Khryapa,/players/k/khryavi01.html,2005,2008,
Jason Kidd,/players/k/kiddja01.html,1995,2013,University of California
Warren Kidd,/players/k/kiddwa01.html,1994,1994,Middle Tennessee State University
Michael Kidd-Gilchrist,/players/k/kiddgmi01.html,2013,2017,University of Kentucky
Irv Kiffin,/players/k/kiffiir01.html,1980,1980,Oklahoma Baptist University
Carl Kilpatrick,/players/k/kilpaca01.html,1980,1980,University of Louisiana at Monroe
Sean Kilpatrick,/players/k/kilpase01.html,2015,2017,University of Cincinnati
Bo Kimble,/players/k/kimblbo01.html,1991,1993,Loyola Marymount University
Stan Kimbrough,/players/k/kimbrst01.html,1990,1993,Xavier University
Chad Kinch,/players/k/kinchch01.html,1981,1981,University of North Carolina at Charlotte
Albert King,/players/k/kingal01.html,1982,1992,University of Maryland
Bernard King,/players/k/kingbe01.html,1978,1993,University of Tennessee
Chris King,/players/k/kingch01.html,1994,1999,Wake Forest University
Frankie King,/players/k/kingfr01.html,1996,1997,Western Carolina University
Gerard King,/players/k/kingge02.html,1999,2001,Nicholls State University
Jimmy King,/players/k/kingji02.html,1996,1997,University of Michigan
Reggie King,/players/k/kingre01.html,1980,1985,University of Alabama
Rich King,/players/k/kingri01.html,1992,1995,University of Nebraska
Stacey King,/players/k/kingst01.html,1990,1997,University of Oklahoma
Tarence Kinsey,/players/k/kinseta01.html,2007,2009,University of South Carolina
Andrei Kirilenko,/players/k/kirilan01.html,2002,2015,
Alex Kirk,/players/k/kirkal01.html,2015,2015,University of New Mexico
Curtis Kitchen,/players/k/kitchcu01.html,1987,1987,University of South Florida
Greg Kite,/players/k/kitegr01.html,1984,1995,Brigham Young University
Kerry Kittles,/players/k/kittlke01.html,1997,2005,Villanova University
Joe Kleine,/players/k/kleinjo01.html,1986,2000,University of Arkansas
Linas Kleiza,/players/k/kleizli01.html,2006,2013,University of Missouri
Billy Knight,/players/k/knighbi01.html,1975,1985,University of Pittsburgh
Brandin Knight,/players/k/knighbr02.html,2005,2005,University of Pittsburgh
Brandon Knight,/players/k/knighbr03.html,2012,2017,University of Kentucky
Brevin Knight,/players/k/knighbr01.html,1998,2009,Stanford University
Negele Knight,/players/k/knighne01.html,1991,1999,University of Dayton
Toby Knight,/players/k/knighto01.html,1978,1982,University of Notre Dame
Travis Knight,/players/k/knightr01.html,1997,2003,University of Connecticut
Bart Kofoed,/players/k/kofoeba01.html,1988,1993,University of Nebraska at Kearney
Jon Koncak,/players/k/koncajo01.html,1986,1996,Southern Methodist University
Joe Kopicki,/players/k/kopicjo01.html,1983,1985,University of Detroit Mercy
Frank Kornet,/players/k/kornefr01.html,1990,1991,Vanderbilt University
Yaroslav Korolev,/players/k/korolya01.html,2006,2007,
Kyle Korver,/players/k/korveky01.html,2004,2017,Creighton University
Kosta Koufos,/players/k/koufoko01.html,2009,2017,Ohio State University
Arvid Kramer,/players/k/kramear01.html,1980,1980,Augustana College (SD)
Joel Kramer,/players/k/kramejo01.html,1979,1983,San Diego State University
Viacheslav Kravtsov,/players/k/kravtvi01.html,2013,2014,
Wayne Kreklow,/players/k/kreklwa01.html,1981,1981,Drake University
Tom Kropp,/players/k/kroppto01.html,1976,1977,University of Nebraska at Kearney
Nenad Krstic,/players/k/krstine01.html,2005,2011,
Larry Krystkowiak,/players/k/krystla01.html,1987,1997,University of Montana
Steve Kuberski,/players/k/kuberst01.html,1970,1978,Bradley University
Bruce Kuczenski,/players/k/kuczebr01.html,1984,1984,University of Connecticut
John Kuester,/players/k/kuestjo01.html,1978,1980,University of North Carolina
Toni Kukoc,/players/k/kukocto01.html,1994,2006,
Kevin Kunnert,/players/k/kunneke01.html,1974,1982,University of Iowa
Mitch Kupchak,/players/k/kupchmi01.html,1977,1986,University of North Carolina
C.J. Kupec,/players/k/kupeccj01.html,1976,1978,University of Michigan
Rob Kurz,/players/k/kurzro01.html,2009,2009,University of Notre Dame
Ibo Kutluay,/players/k/kutluib01.html,2005,2005,
Ognjen Kuzmic,/players/k/kuzmiog01.html,2014,2015,
Mindaugas Kuzminskas,/players/k/kuzmimi01.html,2017,2017,