name,link,year_from,year_to,college
Skal Labissiere,/players/l/labissk01.html,2017,2017,University of Kentucky
Sam Lacey,/players/l/laceysa01.html,1971,1983,New Mexico State University
Christian Laettner,/players/l/laettch01.html,1993,2005,Duke University
Oliver Lafayette,/players/l/lafayol01.html,2010,2010,University of Houston
Raef LaFrentz,/players/l/lafrera01.html,1999,2008,University of Kansas
Tom LaGarde,/players/l/lagarto01.html,1978,1985,University of North Carolina
Bill Laimbeer,/players/l/laimbbi01.html,1981,1994,University of Notre Dame
Bo Lamar,/players/l/lamarbo01.html,1974,1977,University of Louisiana at Lafayette
Doron Lamb,/players/l/lambdo01.html,2013,2014,University of Kentucky
Jeremy Lamb,/players/l/lambje01.html,2013,2017,University of Connecticut
John Lambert,/players/l/lambejo01.html,1976,1982,University of Southern California
Jeff Lamp,/players/l/lampje01.html,1982,1989,University of Virginia
Maciej Lampe,/players/l/lampema01.html,2004,2006,
Jim Lampley,/players/l/lamplji01.html,1987,1987,University of Arkansas at Little Rock
Sean Lampley,/players/l/lamplse01.html,2003,2004,University of California
Carl Landry,/players/l/landrca01.html,2008,2016,Purdue University
Marcus Landry,/players/l/landrma01.html,2010,2010,University of Wisconsin
Mark Landsberger,/players/l/landsma01.html,1978,1984,Arizona State University
Jerome Lane,/players/l/laneje01.html,1989,1993,University of Pittsburgh
Andrew Lang,/players/l/langan01.html,1989,2000,University of Arkansas
Antonio Lang,/players/l/langan02.html,1995,2000,Duke University
James Lang,/players/l/langja01.html,2007,2007,
Trajan Langdon,/players/l/langdtr01.html,2000,2002,Duke University
Keith Langford,/players/l/langfke01.html,2008,2008,University of Kansas
Dan Langhi,/players/l/langhda01.html,2001,2004,Vanderbilt University
Bob Lanier,/players/l/laniebo01.html,1971,1984,St. Bonaventure University
Nicolas Laprovittola,/players/l/laproni01.html,2017,2017,
Shane Larkin,/players/l/larkish01.html,2014,2016,University of Miami
Rusty LaRue,/players/l/larueru01.html,1998,2004,Wake Forest University
John Laskowski,/players/l/laskojo01.html,1976,1977,Indiana University
Stephane Lasme,/players/l/lasmest01.html,2008,2008,University of Massachusetts Amherst
Priest Lauderdale,/players/l/laudepr01.html,1997,1998,Central State University
Rich Laurel,/players/l/laureri01.html,1978,1978,Hofstra University
Joffrey Lauvergne,/players/l/lauvejo01.html,2015,2017,
Zach LaVine,/players/l/lavinza01.html,2015,2017,"University of California, Los Angeles"
Acie Law,/players/l/lawac01.html,2008,2011,Texas A&M University
Gani Lawal,/players/l/lawalga01.html,2011,2011,Georgia Institute of Technology
Edmund Lawrence,/players/l/lawreed01.html,1981,1981,McNeese State University
Jason Lawson,/players/l/lawsoja01.html,1998,1998,Villanova University
Ty Lawson,/players/l/lawsoty01.html,2010,2017,University of North Carolina
Jake Layman,/players/l/laymaja01.html,2017,2017,University of Maryland
Mo Layton,/players/l/laytomo01.html,1972,1978,University of Southern California
Allen Leavell,/players/l/leaveal01.html,1980,1989,Oklahoma City University
Jeff Lebo,/players/l/leboje01.html,1990,1990,University of North Carolina
Eric Leckner,/players/l/leckner01.html,1989,1997,University of Wyoming
Ricky Ledo,/players/l/ledori01.html,2014,2015,
Butch Lee,/players/l/leebu01.html,1979,1980,Marquette University
Courtney Lee,/players/l/leeco01.html,2009,2017,Western Kentucky University
David Lee,/players/l/leeda02.html,2006,2017,University of Florida
Doug Lee,/players/l/leedo01.html,1992,1995,Purdue University
Keith Lee,/players/l/leeke01.html,1986,1989,University of Memphis
Kurk Lee,/players/l/leeku01.html,1991,1991,Towson University
Malcolm Lee,/players/l/leema01.html,2012,2015,"University of California, Los Angeles"
Rock Lee,/players/l/leero02.html,1982,1982,San Diego State University
Ron Lee,/players/l/leero01.html,1977,1982,University of Oregon
Tim Legler,/players/l/legleti01.html,1990,2000,La Salle University
Alex Len,/players/l/lenal01.html,2014,2017,University of Maryland
Voshon Lenard,/players/l/lenarvo01.html,1996,2006,University of Minnesota
Gary Leonard,/players/l/leonaga01.html,1990,1992,University of Missouri
Kawhi Leonard,/players/l/leonaka01.html,2012,2017,San Diego State University
Meyers Leonard,/players/l/leoname01.html,2013,2017,University of Illinois at Urbana-Champaign
Jim Les,/players/l/lesji01.html,1989,1995,Bradley University
Travis Leslie,/players/l/leslitr01.html,2012,2012,University of Georgia
Ronnie Lester,/players/l/lestero01.html,1981,1986,University of Iowa
Clifford Lett,/players/l/lettcl01.html,1990,1991,University of Florida
Jon Leuer,/players/l/leuerjo01.html,2012,2017,University of Wisconsin
Fat Lever,/players/l/leverfa01.html,1983,1994,Arizona State University
Caris LeVert,/players/l/leverca01.html,2017,2017,University of Michigan
Cliff Levingston,/players/l/levincl01.html,1983,1995,Wichita State University
Cedric Lewis,/players/l/lewisce01.html,1996,1996,University of Maryland
Freddie Lewis,/players/l/lewisfr02.html,1967,1977,Arizona State University
Martin Lewis,/players/l/lewisma01.html,1996,1997,Seward County Community College
Quincy Lewis,/players/l/lewisqu01.html,2000,2004,University of Minnesota
Ralph Lewis,/players/l/lewisra01.html,1988,1990,La Salle University
Rashard Lewis,/players/l/lewisra02.html,1999,2014,
Reggie Lewis,/players/l/lewisre01.html,1988,1993,Northeastern University
Marcus Liberty,/players/l/liberma01.html,1991,1994,University of Illinois at Urbana-Champaign
Todd Lichti,/players/l/lichtto01.html,1990,1994,Stanford University
DeAndre Liggins,/players/l/liggide01.html,2012,2017,University of Kentucky
Damian Lillard,/players/l/lillada01.html,2013,2017,Weber State University
Jeremy Lin,/players/l/linje01.html,2011,2017,Harvard University
Steve Lingenfelter,/players/l/lingest01.html,1983,1984,South Dakota State University
Alton Lister,/players/l/listeal01.html,1982,1998,Arizona State University
Randy Livingston,/players/l/livinra01.html,1997,2007,Louisiana State University
Shaun Livingston,/players/l/livinsh01.html,2005,2017,
Horacio Llamas Grey,/players/l/llamaho01.html,1997,1998,Grand Canyon University
Lewis Lloyd,/players/l/lloydle01.html,1982,1990,Drake University
Scott Lloyd,/players/l/lloydsc01.html,1977,1983,Arizona State University
Rob Lock,/players/l/lockro01.html,1989,1989,University of Kentucky
Darrell Lockhart,/players/l/lockhda01.html,1984,1984,Auburn University
Ian Lockhart,/players/l/lockhia01.html,1991,1991,University of Tennessee
Kevin Loder,/players/l/loderke01.html,1982,1984,Alabama State University
Brad Lohaus,/players/l/lohaubr01.html,1988,1998,University of Iowa
Art Long,/players/l/longar01.html,2001,2003,University of Cincinnati
Grant Long,/players/l/longgr01.html,1989,2003,Eastern Michigan University
John Long,/players/l/longjo01.html,1979,1997,University of Detroit Mercy
Shawn Long,/players/l/longsh01.html,2017,2017,University of Louisiana at Lafayette
Luc Longley,/players/l/longllu01.html,1992,2001,University of New Mexico
Kevon Looney,/players/l/looneke01.html,2016,2017,"University of California, Los Angeles"
Brook Lopez,/players/l/lopezbr01.html,2009,2017,Stanford University
Felipe Lopez,/players/l/lopezfe01.html,1999,2002,St. John's University
Raul Lopez,/players/l/lopezra01.html,2004,2005,
Robin Lopez,/players/l/lopezro01.html,2009,2017,Stanford University
Ryan Lorthridge,/players/l/lorthry01.html,1995,1995,Jackson State University
Bob Love,/players/l/lovebo01.html,1967,1977,Southern University and A&M College
Kevin Love,/players/l/loveke01.html,2009,2017,"University of California, Los Angeles"
Sidney Lowe,/players/l/lowesi01.html,1984,1990,North Carolina State University
Kyle Lowry,/players/l/lowryky01.html,2007,2017,Villanova University
John Lucas,/players/l/lucasjo01.html,1977,1990,University of Maryland
Kalin Lucas,/players/l/lucaska01.html,2015,2015,Michigan State University
Maurice Lucas,/players/l/lucasma01.html,1975,1988,Marquette University
John Lucas III,/players/l/lucasjo02.html,2006,2017,Oklahoma State University
Tyronn Lue,/players/l/luety01.html,1999,2009,University of Nebraska
Timothe Luwawu-Cabarrot,/players/l/luwawti01.html,2017,2017,
Trey Lyles,/players/l/lylestr01.html,2016,2017,University of Kentucky
George Lynch,/players/l/lynchge01.html,1994,2005,University of North Carolina
Kevin Lynch,/players/l/lynchke01.html,1992,1993,University of Minnesota