name,link,year_from,year_to,college
Sheldon Mac,/players/m/mcclesh01.html,2017,2017,University of Miami
Todd MacCulloch,/players/m/maccuto01.html,2000,2003,University of Washington
Scott Machado,/players/m/machasc01.html,2013,2013,Iona College
Arvydas Macijauskas,/players/m/macijar01.html,2006,2006,
Ollie Mack,/players/m/mackol01.html,1980,1982,East Carolina University
Sam Mack,/players/m/macksa01.html,1993,2002,University of Houston
Shelvin Mack,/players/m/macksh01.html,2012,2017,Butler University
Malcolm Mackey,/players/m/mackema01.html,1994,1994,Georgia Institute of Technology
Rudy Macklin,/players/m/macklru01.html,1982,1984,Louisiana State University
Vernon Macklin,/players/m/macklve01.html,2012,2012,University of Florida
Don MacLean,/players/m/macledo01.html,1993,2001,"University of California, Los Angeles"
Mark Macon,/players/m/maconma01.html,1992,1999,Temple University
Kyle Macy,/players/m/macyky01.html,1981,1987,University of Kentucky
Tito Maddox,/players/m/maddoti01.html,2003,2003,"California State University, Fresno"
Gerald Madkins,/players/m/madkige01.html,1994,1998,"University of California, Los Angeles"
Mark Madsen,/players/m/madsema01.html,2001,2009,Stanford University
Corey Maggette,/players/m/maggeco01.html,2000,2013,Duke University
Dave Magley,/players/m/magleda01.html,1983,1983,University of Kansas
Jamaal Magloire,/players/m/magloja01.html,2001,2012,University of Kentucky
Ian Mahinmi,/players/m/mahinia01.html,2008,2017,
Rick Mahorn,/players/m/mahorri01.html,1981,1999,Hampton University
Dan Majerle,/players/m/majerda01.html,1989,2002,Central Michigan University
Renaldo Major,/players/m/majorre01.html,2007,2007,"California State University, Fresno"
Thon Maker,/players/m/makerth01.html,2017,2017,
Jeff Malone,/players/m/malonje01.html,1984,1996,Mississippi State University
Karl Malone,/players/m/malonka01.html,1986,2004,Louisiana Tech University
Moses Malone,/players/m/malonmo01.html,1975,1995,
Matt Maloney,/players/m/malonma01.html,1997,2003,University of Pennsylvania
Steve Malovic,/players/m/malovst01.html,1980,1980,San Diego State University
Danny Manning,/players/m/mannida01.html,1989,2003,University of Kansas
Rich Manning,/players/m/manniri01.html,1996,1997,University of Washington
Pace Mannion,/players/m/mannipa01.html,1984,1989,University of Utah
Pete Maravich,/players/m/maravpe01.html,1971,1980,Louisiana State University
Devyn Marble,/players/m/marblde01.html,2015,2016,University of Iowa
Roy Marble,/players/m/marblro01.html,1990,1994,University of Iowa
Stephon Marbury,/players/m/marbust01.html,1997,2009,Georgia Institute of Technology
Sarunas Marciulionis,/players/m/marcisa01.html,1990,1997,
Jack Marin,/players/m/marinja01.html,1967,1977,Duke University
Shawn Marion,/players/m/mariosh01.html,2000,2015,"University of Nevada, Las Vegas"
Boban Marjanovic,/players/m/marjabo01.html,2016,2017,
Damir Markota,/players/m/markoda01.html,2007,2007,
Sean Marks,/players/m/marksse01.html,1999,2011,University of California
Ricky Marsh,/players/m/marshri01.html,1978,1978,Manhattan College
Donny Marshall,/players/m/marshdo02.html,1996,2003,University of Connecticut
Donyell Marshall,/players/m/marshdo01.html,1995,2009,University of Connecticut
Kendall Marshall,/players/m/marshke01.html,2013,2016,University of North Carolina
Rawle Marshall,/players/m/marshra01.html,2006,2007,Oakland University
Bill Martin,/players/m/martibi01.html,1986,1988,Georgetown University
Bob Martin,/players/m/martibo01.html,1994,1995,University of Minnesota
Brian Martin,/players/m/martibr01.html,1986,1986,University of Kansas
Cartier Martin,/players/m/martica01.html,2009,2015,Kansas State University
Cuonzo Martin,/players/m/marticu01.html,1996,1997,Purdue University
Darrick Martin,/players/m/martida01.html,1995,2008,"University of California, Los Angeles"
Fernando Martin,/players/m/martife01.html,1987,1987,
Jarell Martin,/players/m/martija01.html,2016,2017,Louisiana State University
Jeff Martin,/players/m/martije01.html,1990,1991,Murray State University
Kenyon Martin,/players/m/martike01.html,2001,2015,University of Cincinnati
Kevin Martin,/players/m/martike02.html,2005,2016,Western Carolina University
Maurice Martin,/players/m/martima01.html,1987,1988,Saint Joseph's University
Jamal Mashburn,/players/m/mashbja01.html,1994,2004,University of Kentucky
Anthony Mason,/players/m/masonan01.html,1990,2003,Tennessee State University
Desmond Mason,/players/m/masonde01.html,2001,2010,Oklahoma State University
Roger Mason,/players/m/masonro01.html,2003,2014,University of Virginia
Tony Massenburg,/players/m/masseto01.html,1991,2005,University of Maryland
Wes Matthews,/players/m/matthwe01.html,1981,1990,University of Wisconsin
Wesley Matthews,/players/m/matthwe02.html,2010,2017,Marquette University
Marlon Maxey,/players/m/maxeyma01.html,1993,1994,University of Texas at El Paso
Jason Maxiell,/players/m/maxieja01.html,2006,2015,University of Cincinnati
Cedric Maxwell,/players/m/maxwece01.html,1978,1988,University of North Carolina at Charlotte
Vernon Maxwell,/players/m/maxweve01.html,1989,2001,University of Florida
Scott May,/players/m/maysc01.html,1977,1983,Indiana University
Sean May,/players/m/mayse01.html,2006,2010,University of North Carolina
Lee Mayberry,/players/m/maybele01.html,1993,1999,University of Arkansas
Clyde Mayes,/players/m/mayescl01.html,1976,1977,Furman University
Tharon Mayes,/players/m/mayesth01.html,1992,1992,Florida State University
Bill Mayfield,/players/m/mayfibi01.html,1981,1981,University of Iowa
Eric Maynor,/players/m/maynoer01.html,2010,2014,Virginia Commonwealth University
O.J. Mayo,/players/m/mayooj01.html,2009,2016,University of Southern California
Travis Mays,/players/m/maystr01.html,1991,1993,University of Texas at Austin
Luc Mbah a Moute,/players/m/mbahalu01.html,2009,2017,"University of California, Los Angeles"
Bob McAdoo,/players/m/mcadobo01.html,1973,1986,University of North Carolina
James Michael McAdoo,/players/m/mcadoja01.html,2015,2017,University of North Carolina
Ray McCallum,/players/m/mccalra01.html,2014,2016,University of Detroit Mercy
Bob McCann,/players/m/mccanbo01.html,1990,1998,Morehead State University
Mel McCants,/players/m/mccanme01.html,1990,1990,Purdue University
Rashad McCants,/players/m/mccanra01.html,2006,2009,University of North Carolina
Andre McCarter,/players/m/mccaran01.html,1977,1981,"University of California, Los Angeles"
Kelly McCarty,/players/m/mccarke01.html,1999,1999,University of Southern Mississippi
Walter McCarty,/players/m/mccarwa01.html,1997,2006,University of Kentucky
Amal McCaskill,/players/m/mccasam01.html,1997,2004,Marquette University
Patrick McCaw,/players/m/mccawpa01.html,2017,2017,"University of Nevada, Las Vegas"
Dwayne McClain,/players/m/mccladw01.html,1986,1986,Villanova University
Ted McClain,/players/m/mcclate01.html,1972,1979,Tennessee State University
Dan McClintock,/players/m/mcclida01.html,2001,2001,Northern Arizona University
George McCloud,/players/m/mccloge01.html,1990,2002,Florida State University
C.J. McCollum,/players/m/mccolcj01.html,2014,2017,Lehigh University
T.J. McConnell,/players/m/mccontj01.html,2016,2017,University of Arizona
Keith McCord,/players/m/mccorke01.html,1981,1981,University of Alabama at Birmingham
Tim McCormick,/players/m/mccorti01.html,1985,1992,University of Michigan
Jelani McCoy,/players/m/mccoyje01.html,1999,2008,"University of California, Los Angeles"
Paul McCracken,/players/m/mccrapa01.html,1973,1977,"California State University, Northridge"
Chris McCray,/players/m/mccrach01.html,2007,2007,University of Maryland
Rodney McCray,/players/m/mccraro01.html,1984,1993,University of Louisville
Scooter McCray,/players/m/mccrasc01.html,1984,1987,University of Louisville
Chris McCullough,/players/m/mcculch01.html,2016,2017,Syracuse University
John McCullough,/players/m/mcculjo01.html,1982,1982,University of Oklahoma
Clint McDaniel,/players/m/mcdancl01.html,1996,1996,University of Arkansas
Xavier McDaniel,/players/m/mcdanxa01.html,1986,1998,Wichita State University
Jim McDaniels,/players/m/mcdanji01.html,1972,1978,Western Kentucky University
K.J. McDaniels,/players/m/mcdankj01.html,2015,2017,Clemson University
Doug McDermott,/players/m/mcderdo01.html,2015,2017,Creighton University
Ben McDonald,/players/m/mcdonbe01.html,1986,1989,"University of California, Irvine"
Glenn McDonald,/players/m/mcdongl01.html,1975,1977,"California State University, Long Beach"
Michael McDonald,/players/m/mcdonmi01.html,1998,1998,University of New Orleans
Hank McDowell,/players/m/mcdowha01.html,1982,1987,University of Memphis
Antonio McDyess,/players/m/mcdyean01.html,1996,2011,University of Alabama
Jim McElroy,/players/m/mcelrji01.html,1976,1982,Central Michigan University
Ivan McFarlin,/players/m/mcfariv01.html,2007,2007,Oklahoma State University
Mitch McGary,/players/m/mcgarmi01.html,2015,2016,University of Michigan
JaVale McGee,/players/m/mcgeeja01.html,2009,2017,"University of Nevada, Reno"
Mike McGee,/players/m/mcgeemi01.html,1982,1990,University of Michigan
George McGinnis,/players/m/mcginge01.html,1972,1982,Indiana University
Tracy McGrady,/players/m/mcgratr01.html,1998,2012,
Rodney McGruder,/players/m/mcgruro01.html,2017,2017,Kansas State University
Dominic McGuire,/players/m/mcguido01.html,2008,2013,"California State University, Fresno"
Kevin McHale,/players/m/mchalke01.html,1981,1993,University of Minnesota
Jim McIlvaine,/players/m/mcilvji01.html,1995,2001,Marquette University
Jeff McInnis,/players/m/mcinnje01.html,1997,2008,University of North Carolina
Kevin McKenna,/players/m/mckenke01.html,1982,1988,Creighton University
Forrest McKenzie,/players/m/mckenfo01.html,1987,1987,Loyola Marymount University
Derrick McKey,/players/m/mckeyde01.html,1988,2002,University of Alabama
Aaron McKie,/players/m/mckieaa01.html,1995,2007,Temple University
Billy McKinney,/players/m/mckinbi01.html,1979,1986,Northwestern University
Carlton McKinney,/players/m/mckinca01.html,1990,1992,Southern Methodist University
Ben McLemore,/players/m/mclembe01.html,2014,2017,University of Kansas
Keith McLeod,/players/m/mcleoke01.html,2004,2007,Bowling Green State University
Roshown McLeod,/players/m/mcleoro01.html,1999,2001,Duke University
Nate McMillan,/players/m/mcmilna01.html,1987,1998,North Carolina State University
Tom McMillen,/players/m/mcmilto01.html,1976,1986,University of Maryland
Jim McMillian,/players/m/mcmilji01.html,1971,1979,Columbia University
Mark McNamara,/players/m/mcnamma01.html,1983,1991,University of California
Jerel McNeal,/players/m/mcneaje01.html,2015,2015,Marquette University
Chris McNealy,/players/m/mcneach01.html,1986,1988,San Jose State University
Larry McNeill,/players/m/mcneila01.html,1974,1979,Marquette University
Paul McPherson,/players/m/mcphepa01.html,2001,2001,DePaul University
Cozell McQueen,/players/m/mcqueco01.html,1987,1987,North Carolina State University
Jordan McRae,/players/m/mcraejo01.html,2016,2017,University of Tennessee
Josh McRoberts,/players/m/mcrobjo01.html,2008,2017,Duke University
Stanislav Medvedenko,/players/m/medvest01.html,2001,2007,
Darnell Mee,/players/m/meeda01.html,1994,1995,Western Kentucky University
Jodie Meeks,/players/m/meeksjo01.html,2010,2017,University of Kentucky
Scott Meents,/players/m/meentsc01.html,1990,1991,University of Illinois at Urbana-Champaign
Salah Mejri,/players/m/mejrisa01.html,2016,2017,
Gal Mekel,/players/m/mekelga01.html,2014,2015,Wichita State University
Fab Melo,/players/m/melofa01.html,2013,2013,Syracuse University
Dean Meminger,/players/m/meminde01.html,1972,1977,Marquette University
John Mengelt,/players/m/mengejo01.html,1972,1981,Auburn University
Pops Mensah-Bonsu,/players/m/mensapo01.html,2007,2011,George Washington University
Ron Mercer,/players/m/mercero01.html,1998,2005,University of Kentucky
Joe Meriweather,/players/m/meriwjo01.html,1976,1985,Southern Illinois University
Loren Meyer,/players/m/meyerlo01.html,1996,1999,Iowa State University
Dave Meyers,/players/m/meyerda01.html,1976,1980,"University of California, Los Angeles"
Larry Micheaux,/players/m/michela01.html,1984,1985,University of Houston
Jordan Mickey,/players/m/mickejo01.html,2016,2017,Louisiana State University
Khris Middleton,/players/m/middlkh01.html,2013,2017,Texas A&M University
Chris Mihm,/players/m/mihmch01.html,2001,2009,University of Texas at Austin
Aaron Miles,/players/m/milesaa01.html,2006,2006,University of Kansas
C.J. Miles,/players/m/milescj01.html,2006,2017,
Darius Miles,/players/m/milesda01.html,2001,2009,
Marko Milic,/players/m/milicma01.html,1998,1999,
Darko Milicic,/players/m/milicda01.html,2004,2013,
Andre Miller,/players/m/millean02.html,2000,2016,University of Utah
Anthony Miller,/players/m/millean01.html,1995,2005,Michigan State University
Bob Miller,/players/m/millebo01.html,1984,1984,University of Cincinnati
Brad Miller,/players/m/millebr01.html,1999,2012,Purdue University
Darius Miller,/players/m/milleda01.html,2013,2015,University of Kentucky
Dick Miller,/players/m/milledi01.html,1981,1981,University of Toledo
Mike Miller,/players/m/millemi01.html,2001,2017,University of Florida
Oliver Miller,/players/m/milleol01.html,1993,2004,University of Arkansas
Quincy Miller,/players/m/millequ01.html,2013,2015,Baylor University
Reggie Miller,/players/m/millere01.html,1988,2005,"University of California, Los Angeles"
Chris Mills,/players/m/millsch01.html,1994,2003,University of Arizona
Patty Mills,/players/m/millspa02.html,2010,2017,Saint Mary's College of California
Terry Mills,/players/m/millste01.html,1991,2001,University of Michigan
Elijah Millsap,/players/m/millsel01.html,2015,2017,University of Alabama at Birmingham
Paul Millsap,/players/m/millspa01.html,2007,2017,Louisiana Tech University
Harold Miner,/players/m/minerha01.html,1993,1996,University of Southern California
Yao Ming,/players/m/mingya01.html,2003,2011,
Dirk Minniefield,/players/m/minnidi01.html,1986,1988,University of Kentucky
Greg Minor,/players/m/minorgr01.html,1995,1999,University of Louisville
Nikola Mirotic,/players/m/mirotni01.html,2015,2017,
Jason Miskiri,/players/m/miskija01.html,2000,2000,George Mason University
Mike Mitchell,/players/m/mitchmi01.html,1979,1988,Auburn University
Sam Mitchell,/players/m/mitchsa01.html,1990,2002,Mercer University
Todd Mitchell,/players/m/mitchto01.html,1989,1989,Purdue University
Tony Mitchell,/players/m/mitchto03.html,2014,2014,University of Alabama
Tony Mitchell,/players/m/mitchto02.html,2014,2014,University of North Texas
Steve Mix,/players/m/mixst01.html,1970,1983,University of Toledo
Cuttino Mobley,/players/m/moblecu01.html,1999,2009,University of Rhode Island
Eric Mobley,/players/m/mobleer01.html,1995,1997,University of Pittsburgh
Larry Moffett,/players/m/moffela01.html,1978,1978,"University of Nevada, Las Vegas"
Nazr Mohammed,/players/m/mohamna01.html,1999,2016,University of Kentucky
Jerome Moiso,/players/m/moisoje01.html,2001,2005,"University of California, Los Angeles"
Paul Mokeski,/players/m/mokespa01.html,1980,1991,University of Kansas
Sidney Moncrief,/players/m/moncrsi01.html,1980,1991,University of Arkansas
Eric Money,/players/m/moneyer01.html,1975,1980,University of Arizona
Sergei Monia,/players/m/moniase01.html,2006,2006,
Earl Monroe,/players/m/monroea01.html,1968,1980,Winston-Salem State University
Greg Monroe,/players/m/monrogr01.html,2011,2017,Georgetown University
Rodney Monroe,/players/m/monroro01.html,1992,1992,North Carolina State University
Luis Montero,/players/m/montelu01.html,2016,2016,Westchester CC
Eric Montross,/players/m/montrer01.html,1995,2002,University of North Carolina
Jamario Moon,/players/m/moonja01.html,2008,2012,Meridian Community College
Andre Moore,/players/m/moorean01.html,1988,1988,Loyola University of Chicago
E'Twaun Moore,/players/m/mooreet01.html,2012,2017,Purdue University
Johnny Moore,/players/m/moorejo01.html,1981,1990,University of Texas at Austin
Lowes Moore,/players/m/moorelo01.html,1981,1983,West Virginia University
Mikki Moore,/players/m/mooremi01.html,1999,2012,University of Nebraska
Otto Moore,/players/m/mooreot01.html,1969,1977,University of Texas-Pan American
Ron Moore,/players/m/moorero01.html,1988,1988,West Virginia State University
Tracy Moore,/players/m/mooretr01.html,1992,1997,University of Tulsa
Eric Moreland,/players/m/moreler01.html,2015,2016,Oregon State University
Guy Morgan,/players/m/morgagu01.html,1983,1983,Wake Forest University
Darren Morningstar,/players/m/mornida01.html,1994,1994,University of Pittsburgh
Chris Morris,/players/m/morrich01.html,1989,1999,Auburn University
Darius Morris,/players/m/morrida01.html,2012,2015,University of Michigan
Isaiah Morris,/players/m/morriis01.html,1993,1993,University of Arkansas
Marcus Morris,/players/m/morrima03.html,2012,2017,University of Kansas
Markieff Morris,/players/m/morrima02.html,2012,2017,University of Kansas
Randolph Morris,/players/m/morrira01.html,2007,2010,University of Kentucky
Terence Morris,/players/m/morrite01.html,2002,2006,University of Maryland
Adam Morrison,/players/m/morriad01.html,2007,2010,Gonzaga University
Mike Morrison,/players/m/morrimi01.html,1990,1990,Loyola College in Maryland
Anthony Morrow,/players/m/morroan01.html,2009,2017,Georgia Institute of Technology
Dwayne Morton,/players/m/mortodw01.html,1995,1995,University of Louisville
John Morton,/players/m/mortojo01.html,1990,1992,Seton Hall University
Richard Morton,/players/m/mortori01.html,1989,1989,"California State University, Fullerton"
Glenn Mosley,/players/m/moslegl01.html,1978,1979,Seton Hall University
Perry Moss,/players/m/mosspe01.html,1986,1987,Northeastern University
Lawrence Moten,/players/m/motenla01.html,1996,1998,Syracuse University
Donatas Motiejunas,/players/m/motiedo01.html,2013,2017,
Hanno Mottola,/players/m/mottoha01.html,2001,2002,University of Utah
Arnett Moultrie,/players/m/moultar01.html,2013,2014,Mississippi State University
Alonzo Mourning,/players/m/mournal01.html,1993,2008,Georgetown University
Timofey Mozgov,/players/m/mozgoti01.html,2011,2017,
Emmanuel Mudiay,/players/m/mudiaem01.html,2016,2017,
Shabazz Muhammad,/players/m/muhamsh01.html,2014,2017,"University of California, Los Angeles"
Byron Mullens,/players/m/mulleby01.html,2010,2014,Ohio State University
Chris Mullin,/players/m/mullich01.html,1986,2001,St. John's University
Todd Mundt,/players/m/mundtto01.html,1996,1996,Delta State University
Xavier Munford,/players/m/munfoxa02.html,2016,2016,University of Rhode Island
Chris Munk,/players/m/munkch01.html,1991,1991,University of Southern California
Eric Murdock,/players/m/murdoer01.html,1992,2000,Providence College
Gheorghe Muresan,/players/m/muresgh01.html,1994,2000,
Allen Murphy,/players/m/murphal01.html,1976,1977,University of Louisville
Calvin Murphy,/players/m/murphca01.html,1971,1983,Niagara University
Erik Murphy,/players/m/murpher01.html,2014,2014,University of Florida
Jay Murphy,/players/m/murphja01.html,1985,1988,Boston College
Kevin Murphy,/players/m/murphke01.html,2013,2013,Tennessee Technological University
Ronnie Murphy,/players/m/murphro01.html,1988,1988,Jacksonville University
Tod Murphy,/players/m/murphto01.html,1988,1994,"University of California, Irvine"
Troy Murphy,/players/m/murphtr01.html,2002,2013,University of Notre Dame
Dejounte Murray,/players/m/murrade01.html,2017,2017,University of Washington
Jamal Murray,/players/m/murraja01.html,2017,2017,University of Kentucky
Lamond Murray,/players/m/murrala01.html,1995,2006,University of California
Ronald Murray,/players/m/murraro01.html,2003,2010,Shaw University
Tracy Murray,/players/m/murratr01.html,1993,2004,"University of California, Los Angeles"
Toure' Murry,/players/m/murryto01.html,2014,2015,Wichita State University
Mike Muscala,/players/m/muscami01.html,2014,2017,Bucknell University
Jerrod Mustaf,/players/m/mustaje01.html,1991,1994,University of Maryland
Dikembe Mutombo,/players/m/mutomdi01.html,1992,2009,Georgetown University
Martin Muursepp,/players/m/muursma01.html,1997,1998,
Pete Myers,/players/m/myerspe01.html,1987,1998,University of Arkansas at Little Rock