name,link,year_from,year_to,college
Zan Tabak,/players/t/tabakza01.html,1995,2001,
Yuta Tabuse,/players/t/tabusyu01.html,2005,2005,Brigham Young University Hawaii
Chris Taft,/players/t/taftch01.html,2006,2006,University of Pittsburgh
Dragan Tarlac,/players/t/tarladr01.html,2001,2001,
Roy Tarpley,/players/t/tarplro01.html,1987,1995,University of Michigan
Earl Tatum,/players/t/tatumea01.html,1977,1980,Marquette University
Edy Tavares,/players/t/tavarwa01.html,2016,2017,
Anthony Taylor,/players/t/tayloan01.html,1989,1989,University of Oregon
Brian Taylor,/players/t/taylobr01.html,1973,1982,Princeton University
Donell Taylor,/players/t/taylodo01.html,2006,2007,University of Alabama at Birmingham
Fatty Taylor,/players/t/taylofa01.html,1970,1977,La Salle University
Isaiah Taylor,/players/t/taylois01.html,2017,2017,University of Texas at Austin
Jay Taylor,/players/t/tayloja01.html,1990,1990,Eastern Illinois University
Jeff Taylor,/players/t/tayloje01.html,1983,1987,Texas Tech University
Jeffery Taylor,/players/t/tayloje03.html,2013,2015,Vanderbilt University
Jermaine Taylor,/players/t/tayloje02.html,2010,2011,University of Central Florida
Johnny Taylor,/players/t/taylojo01.html,1998,2000,University of Tennessee at Chattanooga
Leonard Taylor,/players/t/taylole01.html,1990,1990,University of California
Maurice Taylor,/players/t/tayloma01.html,1998,2007,University of Michigan
Mike Taylor,/players/t/taylomi01.html,2009,2009,Iowa State University
Tyshawn Taylor,/players/t/tayloty01.html,2013,2014,University of Kansas
Vince Taylor,/players/t/taylovi01.html,1983,1983,Duke University
Terry Teagle,/players/t/teaglte01.html,1983,1993,Baylor University
Jeff Teague,/players/t/teaguje01.html,2010,2017,Wake Forest University
Marquis Teague,/players/t/teaguma01.html,2013,2014,University of Kentucky
Mirza Teletovic,/players/t/teletmi01.html,2013,2017,
Sebastian Telfair,/players/t/telfase01.html,2005,2015,
Garrett Temple,/players/t/templga01.html,2010,2017,Louisiana State University
Ira Terrell,/players/t/terreir01.html,1977,1979,Southern Methodist University
Carlos Terry,/players/t/terryca01.html,1981,1983,Winston-Salem State University
Chuck Terry,/players/t/terrych01.html,1973,1977,"California State University, Long Beach"
Claude Terry,/players/t/terrycl01.html,1973,1978,Stanford University
Jason Terry,/players/t/terryja01.html,2000,2017,University of Arizona
Hasheem Thabeet,/players/t/thabeha01.html,2010,2014,University of Connecticut
Reggie Theus,/players/t/theusre01.html,1979,1991,"University of Nevada, Las Vegas"
Peter Thibeaux,/players/t/thibepe01.html,1985,1986,Saint Mary's College of California
David Thirdkill,/players/t/thirdda01.html,1983,1987,Bradley University
Adonis Thomas,/players/t/thomaad01.html,2014,2014,University of Memphis
Billy Thomas,/players/t/thomabi01.html,2005,2008,University of Kansas
Carl Thomas,/players/t/thomaca01.html,1992,1998,Eastern Michigan University
Charles Thomas,/players/t/thomach01.html,1992,1992,Eastern Michigan University
Etan Thomas,/players/t/thomaet01.html,2002,2011,Syracuse University
Irving Thomas,/players/t/thomair01.html,1991,1991,Florida State University
Isaiah Thomas,/players/t/thomais02.html,2012,2017,University of Washington
Isiah Thomas,/players/t/thomais01.html,1982,1994,Indiana University
Jamel Thomas,/players/t/thomaja01.html,2000,2001,Providence College
James Thomas,/players/t/thomaja02.html,2005,2006,University of Texas at Austin
Jim Thomas,/players/t/thomaji01.html,1984,1991,Indiana University
John Thomas,/players/t/thomajo02.html,1998,2006,University of Minnesota
Kenny Thomas,/players/t/thomake01.html,2000,2010,University of New Mexico
Kurt Thomas,/players/t/thomaku01.html,1996,2013,Texas Christian University
Lance Thomas,/players/t/thomala01.html,2012,2017,Duke University
Malcolm Thomas,/players/t/thomama01.html,2012,2015,San Diego State University
Tim Thomas,/players/t/thomati01.html,1998,2010,Villanova University
Tyrus Thomas,/players/t/thomaty01.html,2007,2015,Louisiana State University
Trey Thompkins,/players/t/thomptr02.html,2012,2012,University of Georgia
Bernard Thompson,/players/t/thompbe01.html,1985,1989,"California State University, Fresno"
Billy Thompson,/players/t/thompbi01.html,1987,1992,University of Louisville
Brooks Thompson,/players/t/thompbr01.html,1995,1998,Oklahoma State University
Corny Thompson,/players/t/thompco01.html,1983,1983,University of Connecticut
David Thompson,/players/t/thompda01.html,1976,1984,North Carolina State University
Dijon Thompson,/players/t/thompdi01.html,2006,2007,"University of California, Los Angeles"
Hollis Thompson,/players/t/thompho01.html,2014,2017,Georgetown University
Jason Thompson,/players/t/thompja02.html,2009,2016,Rider University
Kevin Thompson,/players/t/thompke01.html,1994,1994,North Carolina State University
Klay Thompson,/players/t/thompkl01.html,2012,2017,Washington State University
LaSalle Thompson,/players/t/thompla01.html,1983,1997,University of Texas at Austin
Mychal Thompson,/players/t/thompmy01.html,1979,1991,University of Minnesota
Mychel Thompson,/players/t/thompmy02.html,2012,2012,Pepperdine University
Paul Thompson,/players/t/thomppa01.html,1984,1986,Tulane University
Stephen Thompson,/players/t/thompst01.html,1992,1992,Syracuse University
Tristan Thompson,/players/t/thomptr01.html,2012,2017,University of Texas at Austin
Al Thornton,/players/t/thornal01.html,2008,2011,Florida State University
Bob Thornton,/players/t/thornbo01.html,1986,1996,"University of California, Irvine"
Marcus Thornton,/players/t/thornma01.html,2010,2017,Louisiana State University
Otis Thorpe,/players/t/thorpot01.html,1985,2001,Providence College
Sedale Threatt,/players/t/threase01.html,1984,1997,West Virginia University Institute of Technology
Nate Thurmond,/players/t/thurmna01.html,1964,1977,Bowling Green State University
Darren Tillis,/players/t/tillida01.html,1983,1984,Cleveland State University
Jamaal Tinsley,/players/t/tinslja01.html,2002,2014,Iowa State University
Wayman Tisdale,/players/t/tisdawa01.html,1986,1997,University of Oklahoma
Mike Tobey,/players/t/tobeymi01.html,2017,2017,University of Virginia
Ray Tolbert,/players/t/tolbera01.html,1982,1989,Indiana University
Tom Tolbert,/players/t/tolbeto01.html,1989,1995,University of Arizona
Anthony Tolliver,/players/t/tollian01.html,2009,2017,Creighton University
Dean Tolson,/players/t/tolsode01.html,1975,1978,University of Arkansas
Rudy Tomjanovich,/players/t/tomjaru01.html,1971,1981,University of Michigan
Andrew Toney,/players/t/toneyan01.html,1981,1988,University of Louisiana at Lafayette
Sedric Toney,/players/t/toneyse01.html,1986,1994,University of Dayton
Andy Toolson,/players/t/toolsan01.html,1991,1996,Brigham Young University
Bernard Toone,/players/t/toonebe01.html,1980,1980,Marquette University
Oscar Torres,/players/t/torreos01.html,2002,2003,
Axel Toupane,/players/t/toupaax01.html,2016,2017,
Monte Towe,/players/t/towemo01.html,1976,1977,North Carolina State University
Keith Tower,/players/t/towerke01.html,1994,1997,University of Notre Dame
Linton Townes,/players/t/towneli01.html,1983,1985,James Madison University
Karl-Anthony Towns,/players/t/townska01.html,2016,2017,University of Kentucky
Raymond Townsend,/players/t/townsra01.html,1979,1982,"University of California, Los Angeles"
George Trapp,/players/t/trappge01.html,1972,1977,"California State University, Long Beach"
Robert Traylor,/players/t/traylro01.html,1999,2005,University of Michigan
Gary Trent,/players/t/trentga01.html,1996,2004,Ohio University
Jeff Trepagnier,/players/t/trepaje01.html,2002,2004,University of Southern California
Kelly Tripucka,/players/t/tripuke01.html,1982,1991,University of Notre Dame
Cezary Trybanski,/players/t/trybace01.html,2003,2004,
Jake Tsakalidis,/players/t/tsakaja01.html,2001,2007,
Nikoloz Tskitishvili,/players/t/tskitni01.html,2003,2006,
Alando Tucker,/players/t/tuckeal02.html,2008,2010,University of Wisconsin
Anthony Tucker,/players/t/tuckean01.html,1995,1995,Wake Forest University
P.J. Tucker,/players/t/tuckepj01.html,2007,2017,University of Texas at Austin
Trent Tucker,/players/t/tucketr01.html,1983,1993,University of Minnesota
Ronny Turiaf,/players/t/turiaro01.html,2006,2015,Gonzaga University
Mirsad Turkcan,/players/t/turkcmi01.html,2000,2000,
Hedo Turkoglu,/players/t/turkohe01.html,2001,2015,
Andre Turner,/players/t/turnean01.html,1987,1992,University of Memphis
Elston Turner,/players/t/turneel01.html,1982,1989,University of Mississippi
Evan Turner,/players/t/turneev01.html,2011,2017,Ohio State University
Henry Turner,/players/t/turnehe02.html,1990,1995,"California State University, Fullerton"
Jeff Turner,/players/t/turneje01.html,1985,1996,Vanderbilt University
John Turner,/players/t/turnejo01.html,1992,1992,Phillips University
Myles Turner,/players/t/turnemy01.html,2016,2017,University of Texas at Austin
Wayne Turner,/players/t/turnewa01.html,2000,2000,University of Kentucky
Melvin Turpin,/players/t/turpime01.html,1985,1990,University of Kentucky
Dave Twardzik,/players/t/twardda01.html,1973,1980,Old Dominion University
B.J. Tyler,/players/t/tylerbj01.html,1995,1995,University of Texas at Austin
Jeremy Tyler,/players/t/tylerje01.html,2012,2014,
Terry Tyler,/players/t/tylerte01.html,1979,1989,University of Detroit Mercy