name,link,year_from,year_to,college,active
Dwyane Wade,/players/w/wadedw01.html,2004,2018,Marquette University,true
Mark Wade,/players/w/wadema01.html,1988,1990,"University of Oklahoma, University of Nevada, Las Vegas",false
Von Wafer,/players/w/wafervo01.html,2006,2012,Florida State University,false
Dajuan Wagner,/players/w/wagneda02.html,2003,2007,University of Memphis,false
Milt Wagner,/players/w/wagnemi01.html,1988,1991,University of Louisville,false
Dion Waiters,/players/w/waitedi01.html,2013,2018,Syracuse University,true
Granville Waiters,/players/w/waitegr01.html,1984,1988,Ohio State University,false
Andre Wakefield,/players/w/wakefan01.html,1979,1980,Loyola University of Chicago,false
Neal Walk,/players/w/walkne01.html,1970,1977,University of Florida,false
Andy Walker,/players/w/walkean01.html,1977,1977,Niagara University,false
Antoine Walker,/players/w/walkean02.html,1997,2008,University of Kentucky,false
Darrell Walker,/players/w/walkeda01.html,1984,1993,University of Arkansas,false
Foots Walker,/players/w/walkefo01.html,1975,1984,State University of West Georgia,false
Henry Walker,/players/w/walkebi01.html,2009,2015,Kansas State University,false
Kemba Walker,/players/w/walkeke02.html,2012,2018,University of Connecticut,true
Kenny Walker,/players/w/walkeke01.html,1987,1995,University of Kentucky,false
Phil Walker,/players/w/walkeph01.html,1978,1978,Millersville University of Pennsylvania,false
Samaki Walker,/players/w/walkesa01.html,1997,2006,University of Louisville,false
Wally Walker,/players/w/walkewa01.html,1977,1984,University of Virginia,false
John Wall,/players/w/walljo01.html,2011,2018,University of Kentucky,true
Ben Wallace,/players/w/wallabe01.html,1997,2012,Virginia Union University,false
Gerald Wallace,/players/w/wallage01.html,2002,2015,University of Alabama,false
John Wallace,/players/w/wallajo01.html,1997,2004,Syracuse University,false
Rasheed Wallace,/players/w/wallara01.html,1996,2013,University of North Carolina,false
Tyrone Wallace,/players/w/wallaty01.html,2018,2018,University of California,true
Jamie Waller,/players/w/walleja01.html,1988,1988,Virginia Union University,false
Taurean Waller-Prince,/players/p/princta02.html,2017,2018,Baylor University,true
Matt Walsh,/players/w/walshma01.html,2006,2006,University of Florida,false
Rex Walters,/players/w/waltere01.html,1994,2000,"Northwestern University, University of Kansas",false
Bill Walton,/players/w/waltobi01.html,1975,1987,"University of California, Los Angeles",false
Derrick Walton,/players/w/waltode01.html,2018,2018,University of Michigan,true
Lloyd Walton,/players/w/waltoll01.html,1977,1981,Marquette University,false
Luke Walton,/players/w/waltolu01.html,2004,2013,University of Arizona,false
Charlie Ward,/players/w/wardch01.html,1995,2005,Florida State University,false
Henry Ward,/players/w/wardhe01.html,1976,1977,Jackson State University,false
Casper Ware,/players/w/wareca01.html,2014,2014,"California State University, Long Beach",false
Cornell Warner,/players/w/warneco01.html,1971,1977,Jackson State University,false
Jameel Warney,/players/w/warneja01.html,2018,2018,Stony Brook University,true
T.J. Warren,/players/w/warretj01.html,2015,2018,North Carolina State University,true
Willie Warren,/players/w/warrewi01.html,2011,2011,University of Oklahoma,false
Bryan Warrick,/players/w/warribr01.html,1983,1986,Saint Joseph's University,false
Hakim Warrick,/players/w/warriha01.html,2006,2013,Syracuse University,false
Chris Washburn,/players/w/washbch01.html,1987,1988,North Carolina State University,false
Darius Washington,/players/w/washida01.html,2008,2008,University of Memphis,false
Duane Washington,/players/w/washidu01.html,1988,1993,Middle Tennessee State University,false
Eric Washington,/players/w/washier01.html,1998,1999,University of Alabama,false
Kermit Washington,/players/w/washike01.html,1974,1988,American University,false
Pearl Washington,/players/w/washipe01.html,1987,1989,Syracuse University,false
Richard Washington,/players/w/washiri01.html,1977,1982,"University of California, Los Angeles",false
Wilson Washington,/players/w/washiwi01.html,1978,1979,Old Dominion University,false
Darryl Watkins,/players/w/watkida01.html,2008,2012,Syracuse University,false
C.J. Watson,/players/w/watsocj01.html,2008,2017,University of Tennessee,true
Earl Watson,/players/w/watsoea01.html,2002,2014,"University of California, Los Angeles",false
Jamie Watson,/players/w/watsoja01.html,1995,1999,University of South Carolina,false
Slick Watts,/players/w/wattssl01.html,1974,1979,Xavier University of Louisiana,false
Maalik Wayns,/players/w/waynsma01.html,2013,2014,Villanova University,true
David Wear,/players/w/wearda01.html,2015,2015,"University of North Carolina, University of California, Los Angeles",false
Travis Wear,/players/w/weartr01.html,2015,2018,"University of North Carolina, University of California, Los Angeles",true
Clarence Weatherspoon,/players/w/weathcl01.html,1993,2005,University of Southern Mississippi,false
Nick Weatherspoon,/players/w/weathni01.html,1974,1980,University of Illinois at Urbana-Champaign,false
Kyle Weaver,/players/w/weaveky01.html,2009,2011,Washington State University,false
James Webb,/players/w/webbja01.html,2018,2018,Boise State University,true
Marcus Webb,/players/w/webbma01.html,1993,1993,University of Alabama,false
Spud Webb,/players/w/webbsp01.html,1986,1998,"Midland College, North Carolina State University",false
Chris Webber,/players/w/webbech01.html,1994,2008,University of Michigan,false
Briante Weber,/players/w/weberbr01.html,2016,2018,Virginia Commonwealth University,true
Jeff Webster,/players/w/webstje01.html,1996,1996,University of Oklahoma,false
Martell Webster,/players/w/webstma02.html,2006,2015,,false
Marvin Webster,/players/w/webstma01.html,1976,1987,Morgan State University,false
Scott Wedman,/players/w/wedmasc01.html,1975,1987,University of Colorado,false
Sonny Weems,/players/w/weemsso01.html,2009,2016,University of Arkansas,false
Brant Weidner,/players/w/weidnbr01.html,1984,1984,College of William & Mary,false
Bob Weiss,/players/w/weissbo01.html,1966,1977,Pennsylvania State University,false
Bonzi Wells,/players/w/wellsbo01.html,1999,2008,Ball State University,false
Bubba Wells,/players/w/wellsbu01.html,1998,1998,Austin Peay State University,false
Chris Welp,/players/w/welpch01.html,1988,1990,University of Washington,false
Jiri Welsch,/players/w/welscji01.html,2003,2006,,false
Bill Wennington,/players/w/wennibi01.html,1986,2000,St. John's University,false
Matt Wenstrom,/players/w/wenstma01.html,1994,1994,University of North Carolina,false
Robert Werdann,/players/w/werdaro01.html,1993,1997,St. John's University,false
David Wesley,/players/w/wesleda01.html,1994,2007,Baylor University,false
David West,/players/w/westda01.html,2004,2018,Xavier University,true
Delonte West,/players/w/westde01.html,2005,2012,Saint Joseph's University,false
Doug West,/players/w/westdo01.html,1990,2001,Villanova University,false
Mario West,/players/w/westma02.html,2008,2011,Georgia Institute of Technology,false
Mark West,/players/w/westma01.html,1984,2000,Old Dominion University,false
Russell Westbrook,/players/w/westbru01.html,2009,2018,"University of California, Los Angeles",true
Paul Westphal,/players/w/westppa01.html,1973,1984,University of Southern California,false
Robert Whaley,/players/w/whalero01.html,2006,2006,"Barton County Community College, University of Cincinnati, Walsh University",false
Ennis Whatley,/players/w/whatlen01.html,1984,1997,University of Alabama,false
DeJuan Wheat,/players/w/wheatde01.html,1998,1999,University of Louisville,false
Clinton Wheeler,/players/w/wheelcl01.html,1988,1989,William Paterson University,false
Tyson Wheeler,/players/w/wheelty01.html,1999,1999,University of Rhode Island,false
Andrew White,/players/w/whitean01.html,2018,2018,"University of Nebraska, Syracuse University",true
D.J. White,/players/w/whitedj01.html,2009,2014,Indiana University,false
Derrick White,/players/w/whitede01.html,2018,2018,University of Colorado,true
Eric White,/players/w/whiteer01.html,1988,1989,Pepperdine University,false
Jahidi White,/players/w/whiteja01.html,1999,2005,Georgetown University,false
James White,/players/w/whiteja02.html,2007,2013,"University of Florida, University of Cincinnati",false
Jo Jo White,/players/w/whitejo01.html,1970,1981,University of Kansas,false
Okaro White,/players/w/whiteok01.html,2017,2018,Florida State University,true
Randy White,/players/w/whitera01.html,1990,1994,Louisiana Tech University,false
Rodney White,/players/w/whitero02.html,2002,2005,University of North Carolina at Charlotte,false
Rory White,/players/w/whitero01.html,1983,1987,University of South Alabama,false
Royce White,/players/w/whitero03.html,2014,2014,Iowa State University,true
Rudy White,/players/w/whiteru01.html,1976,1981,Arizona State University,false
Tony White,/players/w/whiteto01.html,1988,1988,University of Tennessee,false
Willie White,/players/w/whitewi01.html,1985,1986,University of Tennessee at Chattanooga,false
Isaiah Whitehead,/players/w/whiteis01.html,2017,2018,Seton Hall University,true
Jerome Whitehead,/players/w/whiteje01.html,1979,1989,Marquette University,false
Donald Whiteside,/players/w/whitedo01.html,1997,1998,Northern Illinois University,false
Hassan Whiteside,/players/w/whiteha01.html,2011,2018,Marshall University,true
Dwayne Whitfield,/players/w/whitfdw01.html,1996,1996,Jackson State University,false
Chris Whitney,/players/w/whitnch01.html,1994,2004,Clemson University,false
Hawkeye Whitney,/players/w/whitnha02.html,1981,1982,North Carolina State University,false
Shayne Whittington,/players/w/whittsh01.html,2015,2016,Western Michigan University,false
Sidney Wicks,/players/w/wickssi01.html,1972,1981,"University of California, Los Angeles",false
Andrew Wiggins,/players/w/wiggian01.html,2015,2018,University of Kansas,true
Mitchell Wiggins,/players/w/wiggimi01.html,1984,1992,"Clemson University, Florida State University",false
C.J. Wilcox,/players/w/wilcocj01.html,2015,2017,University of Washington,true
Chris Wilcox,/players/w/wilcoch01.html,2003,2013,University of Maryland,false
Jacob Wiley,/players/w/wileyja01.html,2018,2018,Eastern Washington University,true
Michael Wiley,/players/w/wileymi01.html,1981,1982,"California State University, Long Beach",false
Morlon Wiley,/players/w/wileymo01.html,1989,1995,"California State University, Long Beach",false
Bob Wilkerson,/players/w/wilkebo01.html,1977,1983,Indiana University,false
Jamaal Wilkes,/players/w/wilkeja01.html,1975,1986,"University of California, Los Angeles",false
James Wilkes,/players/w/wilkeja02.html,1981,1983,"University of California, Los Angeles",false
Damien Wilkins,/players/w/wilkida02.html,2005,2018,"North Carolina State University, University of Georgia",true
Dominique Wilkins,/players/w/wilkido01.html,1983,1999,University of Georgia,false
Eddie Lee Wilkins,/players/w/wilkied01.html,1985,1993,Gardner-Webb University,false
Gerald Wilkins,/players/w/wilkige01.html,1986,1999,University of Tennessee at Chattanooga,false
Jeff Wilkins,/players/w/wilkije01.html,1981,1986,Illinois State University,false
Dale Wilkinson,/players/w/wilkida01.html,1985,1985,Idaho State University,false
Mike Wilks,/players/w/wilksmi01.html,2003,2010,Rice University,false
Aaron Williams,/players/w/williaa01.html,1994,2008,Xavier University,false
Alan Williams,/players/w/willial03.html,2016,2018,"University of California, Santa Barbara",true
Alvin Williams,/players/w/willial02.html,1998,2007,Villanova University,false
Brandon Williams,/players/w/willibr01.html,1998,2003,Davidson College,false
Buck Williams,/players/w/willibu01.html,1982,1998,University of Maryland,false
C.J. Williams,/players/w/willicj01.html,2018,2018,North Carolina State University,true
Chuck Williams,/players/w/willich02.html,1971,1978,University of Colorado,false
Chuckie Williams,/players/w/willich03.html,1977,1977,Kansas State University,false
Corey Williams,/players/w/willico01.html,1993,1994,Oklahoma State University,false
Deron Williams,/players/w/willide01.html,2006,2017,University of Illinois at Urbana-Champaign,false
Derrick Williams,/players/w/willide02.html,2012,2018,University of Arizona,true
Duck Williams,/players/w/willidu01.html,1980,1980,University of Notre Dame,false
Earl Williams,/players/w/williea01.html,1975,1979,Winston-Salem State University,false
Elliot Williams,/players/w/williel01.html,2012,2016,"Duke University, University of Memphis",false
Eric Williams,/players/w/willier01.html,1996,2007,Providence College,false
Frank Williams,/players/w/willifr02.html,2003,2005,University of Illinois at Urbana-Champaign,false
Freeman Williams,/players/w/willifr01.html,1979,1986,Portland State University,false
Gus Williams,/players/w/willigu01.html,1976,1987,University of Southern California,false
Guy Williams,/players/w/willigu02.html,1985,1986,"University of San Francisco, Washington State University",false
Herb Williams,/players/w/willihe01.html,1982,1999,Ohio State University,false
Hot Rod Williams,/players/w/williho01.html,1987,1999,Tulane University,false
Jason Williams,/players/w/willija02.html,1999,2011,"Marshall University, University of Florida",false
Jawad Williams,/players/w/willija04.html,2009,2011,University of North Carolina,false
Jay Williams,/players/w/willija03.html,2003,2003,Duke University,false
Jayson Williams,/players/w/willija01.html,1991,1999,St. John's University,false
Jerome Williams,/players/w/willije01.html,1997,2005,Georgetown University,false
John Williams,/players/w/willijo02.html,1987,1995,Louisiana State University,false
Jordan Williams,/players/w/willijo03.html,2012,2012,University of Maryland,false
Justin Williams,/players/w/williju01.html,2007,2008,University of Wyoming,false
Kenny Williams,/players/w/willike03.html,1991,1994,Barton County Community College,false
Kevin Williams,/players/w/willike01.html,1984,1989,St. John's University,false
Lorenzo Williams,/players/w/willilo01.html,1993,2000,Stetson University,false
Lou Williams,/players/w/willilo02.html,2006,2018,,true
Marcus Williams,/players/w/willima03.html,2007,2010,University of Connecticut,false
Marcus Williams,/players/w/willima04.html,2008,2009,University of Arizona,false
Marvin Williams,/players/w/willima02.html,2006,2018,University of North Carolina,true
Matt Williams,/players/w/willima05.html,2018,2018,University of Central Florida,true
Micheal Williams,/players/w/willimi02.html,1989,1999,Baylor University,false
Mike Williams,/players/w/willimi03.html,1990,1990,"University of Cincinnati, Bradley University",false
Mo Williams,/players/w/willima01.html,2004,2016,University of Alabama,false
Monty Williams,/players/w/willimo01.html,1995,2003,University of Notre Dame,false
Nate Williams,/players/w/willina01.html,1972,1979,Utah State University,false
Pete Williams,/players/w/willipe01.html,1986,1987,University of Arizona,false
Ray Williams,/players/w/willira01.html,1978,1987,University of Minnesota,false
Reggie Williams,/players/w/willire01.html,1988,1997,Georgetown University,false
Reggie Williams,/players/w/willire02.html,2010,2017,Virginia Military Institute,false
Rickey Williams,/players/w/williri01.html,1983,1983,"University of New Mexico, California State University, Long Beach",false
Rob Williams,/players/w/williro02.html,1983,1984,University of Houston,false
Sam Williams,/players/w/willisa02.html,1982,1985,Arizona State University,false
Scott Williams,/players/w/willisc01.html,1991,2005,University of North Carolina,false
Sean Williams,/players/w/willise01.html,2008,2012,Boston College,false
Shammond Williams,/players/w/willish01.html,1999,2007,University of North Carolina,false
Shawne Williams,/players/w/willish03.html,2007,2015,University of Memphis,false
Shelden Williams,/players/w/willish02.html,2007,2012,Duke University,false
Sly Williams,/players/w/willisl01.html,1980,1986,University of Rhode Island,false
Terrence Williams,/players/w/willite01.html,2010,2013,University of Louisville,false
Travis Williams,/players/w/willitr01.html,1998,1999,South Carolina State University,false
Troy Williams,/players/w/willitr02.html,2017,2018,Indiana University,true
Walt Williams,/players/w/williwa02.html,1993,2003,University of Maryland,false
Corliss Williamson,/players/w/willico02.html,1996,2007,University of Arkansas,false
John Williamson,/players/w/willijo01.html,1974,1981,New Mexico State University,false
Kevin Willis,/players/w/willike02.html,1985,2007,Michigan State University,false
Bill Willoughby,/players/w/willobi01.html,1976,1984,,false
Dedric Willoughby,/players/w/willode01.html,2000,2000,"University of New Orleans, Iowa State University",false
Bobby Wilson,/players/w/wilsobo03.html,1975,1978,Wichita State University,false
Bubba Wilson,/players/w/wilsobu01.html,1980,1980,Western Carolina University,false
D.J. Wilson,/players/w/wilsodj01.html,2018,2018,University of Michigan,true
Jamil Wilson,/players/w/wilsoja02.html,2018,2018,"University of Oregon, Marquette University",true
Michael Wilson,/players/w/wilsomi01.html,1984,1987,Marquette University,false
Nikita Wilson,/players/w/wilsoni01.html,1988,1988,Louisiana State University,false
Othell Wilson,/players/w/wilsoot01.html,1985,1987,University of Virginia,false
Rick Wilson,/players/w/wilsori01.html,1979,1980,University of Louisville,false
Ricky Wilson,/players/w/wilsori02.html,1988,1988,George Mason University,false
Trevor Wilson,/players/w/wilsotr01.html,1991,1996,"University of California, Los Angeles",false
Kyle Wiltjer,/players/w/wiltjky01.html,2017,2017,Gonzaga University,true
Kennard Winchester,/players/w/winchke01.html,1991,1993,"James Madison University, Averett University",false
David Wingate,/players/w/wingada01.html,1987,2001,Georgetown University,false
Dontonio Wingfield,/players/w/wingfdo01.html,1995,1998,University of Cincinnati,false
Justise Winslow,/players/w/winslju01.html,2016,2018,Duke University,true
Rickie Winslow,/players/w/winslri01.html,1988,1988,University of Houston,false
Trevor Winter,/players/w/wintetr01.html,1999,1999,University of Minnesota,false
Brian Winters,/players/w/wintebr01.html,1975,1983,University of South Carolina,false
Voise Winters,/players/w/wintevo01.html,1986,1986,Bradley University,false
Willie Wise,/players/w/wisewi01.html,1970,1978,Drake University,false
Jeff Withey,/players/w/witheje01.html,2014,2018,University of Kansas,true
Randy Wittman,/players/w/wittmra01.html,1984,1992,Indiana University,false
Garry Witts,/players/w/wittsga01.html,1982,1982,College of the Holy Cross,false
Dave Wohl,/players/w/wohlda01.html,1972,1978,University of Pennsylvania,false
Joe Wolf,/players/w/wolfjo01.html,1988,1999,University of North Carolina,false
Ruben Wolkowyski,/players/w/wolkoru01.html,2001,2003,,false
Nate Wolters,/players/w/woltena01.html,2014,2018,South Dakota State University,true
Al Wood,/players/w/woodal01.html,1982,1987,University of North Carolina,false
Christian Wood,/players/w/woodch01.html,2016,2017,"University of Nevada, Las Vegas",true
David Wood,/players/w/woodda01.html,1989,1997,"University of Nevada, Reno",false
Howard Wood,/players/w/woodho01.html,1982,1982,University of Tennessee,false
Leon Wood,/players/w/woodle01.html,1985,1991,"University of Arizona, California State University, Fullerton",false
Loren Woods,/players/w/woodslo01.html,2002,2008,"Wake Forest University, University of Arizona",false
Qyntel Woods,/players/w/woodsqy01.html,2003,2006,Northeast Mississippi Community College,false
Randy Woods,/players/w/woodsra01.html,1993,1996,La Salle University,false
Mike Woodson,/players/w/woodsmi01.html,1981,1991,Indiana University,false
Orlando Woolridge,/players/w/woolror01.html,1982,1994,University of Notre Dame,false
Haywoode Workman,/players/w/workmha01.html,1990,2000,"Winston-Salem State University, Oral Roberts University",false
Metta World Peace,/players/a/artesro01.html,2000,2017,St. John's University,false
Sam Worthen,/players/w/worthsa01.html,1981,1982,Marquette University,false
James Worthy,/players/w/worthja01.html,1983,1994,University of North Carolina,false
Antoine Wright,/players/w/wrighan01.html,2006,2011,Texas A&M University,false
Bracey Wright,/players/w/wrighbr02.html,2006,2007,Indiana University,false
Brad Wright,/players/w/wrighbr01.html,1987,1988,"University of California, Los Angeles",false
Brandan Wright,/players/w/wrighbr03.html,2008,2018,University of North Carolina,true
Chris Wright,/players/w/wrighch01.html,2012,2014,University of Dayton,true
Chris Wright,/players/w/wrighch02.html,2013,2013,Georgetown University,false
Delon Wright,/players/w/wrighde01.html,2016,2018,University of Utah,true
Dorell Wright,/players/w/wrighdo01.html,2005,2015,,false
Howard Wright,/players/w/wrighho02.html,1991,1993,Stanford University,false
Julian Wright,/players/w/wrighju01.html,2008,2011,University of Kansas,false
Larry Wright,/players/w/wrighla01.html,1977,1982,Grambling State University,false
Lorenzen Wright,/players/w/wrighlo02.html,1997,2009,University of Memphis,false
Luther Wright,/players/w/wrighlu01.html,1994,1994,Seton Hall University,false
Sharone Wright,/players/w/wrighsh01.html,1995,1998,Clemson University,false
Tony Wroten,/players/w/wroteto01.html,2013,2016,University of Washington,true
A.J. Wynder,/players/w/wyndeaj01.html,1991,1991,"University of Massachusetts Amherst, Fairfield University",false