name,link,rank,draft_year,draft_rd,draft_pk,college,recruit_year
O.J. Mayo,/players/m/mayooj01.html,1,2008,1,3,University of Southern California,2007
Kevin Love,/players/l/loveke01.html,2,2008,1,5,"University of California, Los Angeles",2007
Eric Gordon,/players/g/gordoer01.html,3,2008,1,7,Indiana University,2007
Michael Beasley,/players/b/beaslmi01.html,4,2008,1,2,Kansas State University,2007
Derrick Rose,/players/r/rosede01.html,5,2008,1,1,University of Memphis,2007
Kyle Singler,/players/s/singlky01.html,6,2011,2,33,Duke University,2007
Jerryd Bayless,/players/b/bayleje01.html,7,2008,1,11,University of Arizona,2007
Donte Greene,/players/g/greendo01.html,8,2008,1,28,Syracuse University,2007
J.J. Hickson,/players/h/hicksjj01.html,9,2008,1,19,North Carolina State University,2007
Patrick Patterson,/players/p/pattepa01.html,10,2010,1,14,University of Kentucky,2007
Nick Calathes,/players/c/calatni01.html,11,2009,2,45,University of Florida,2007
Kosta Koufos,/players/k/koufoko01.html,12,2008,1,23,Ohio State University,2007
DeAndre Jordan,/players/j/jordade01.html,13,2008,2,35,Texas A&M University,2007
Austin Freeman,https://www.sports-reference.com/cbb/players/austin-freeman-1.html,14,,,,Georgetown University,2007
Anthony Randolph,/players/r/randoan01.html,15,2008,1,14,Louisiana State University,2007
Blake Griffin,/players/g/griffbl01.html,16,2009,1,1,University of Oklahoma,2007
James Harden,/players/h/hardeja01.html,17,2009,1,3,Arizona State University,2007
Nolan Smith,/players/s/smithno01.html,18,2011,1,21,Duke University,2007
Gani Lawal,/players/l/lawalga01.html,19,2010,2,46,Georgia Institute of Technology,2007
Jonny Flynn,/players/f/flynnjo01.html,20,2009,1,6,Syracuse University,2007
Corey Fisher,https://www.sports-reference.com/cbb/players/corey-fisher-1.html,21,,,,Villanova University,2007
Cole Aldrich,/players/a/aldrico01.html,22,2010,1,11,University of Kansas,2007
E'Twaun Moore,/players/m/mooreet01.html,23,2011,2,55,Purdue University,2007
Solomon Alabi,/players/a/alabiso01.html,24,2010,2,50,Florida State University,2007
Jamelle Horne,https://www.sports-reference.com/cbb/players/jamelle-horne-1.html,25,,,,University of Arizona,2007
Corey Stokes,https://www.sports-reference.com/cbb/players/corey-stokes-2.html,26,,,,Villanova University,2007
Taylor King,https://www.sports-reference.com/cbb/players/taylor-king-1.html,27,,,,Villanova University,2007
James Anderson,/players/a/anderja01.html,28,2010,1,20,Oklahoma State University,2007
Gary Johnson,https://www.sports-reference.com/cbb/players/gary-johnson-1.html,29,,,,University of Texas at Austin,2007
Durrell Summers,https://www.sports-reference.com/cbb/players/durrell-summers-1.html,30,,,,Michigan State University,2007
Chris Wright,/players/w/wrighch02.html,31,,,,Georgetown University,2007
Herb Pope,https://www.sports-reference.com/cbb/players/herb-pope-1.html,32,,,,Seton Hall University,2007
Jai Lucas,https://www.sports-reference.com/cbb/players/jai-lucas-1.html,33,,,,University of Texas at Austin,2007
Austin Daye,/players/d/dayeau01.html,34,2009,1,15,Gonzaga University,2007
Kalin Lucas,/players/l/lucaska01.html,35,,,,Michigan State University,2007
DeJuan Blair,/players/b/blairde01.html,36,2009,2,37,University of Pittsburgh,2007
Lacedarius Dunn,https://www.sports-reference.com/cbb/players/lacedarius-dunn-1.html,37,,,,Baylor University,2007
Alex Legion,https://www.sports-reference.com/cbb/players/alex-legion-1.html,38,,,,Florida International University,2007
Chandler Parsons,/players/p/parsoch01.html,39,2011,2,38,University of Florida,2007
Chris Allen,https://www.sports-reference.com/cbb/players/chris-allen-1.html,40,,,,Iowa State University,2007
Dar Tucker,https://www.sports-reference.com/cbb/players/dar-tucker-1.html,41,,,,DePaul University,2007
Manny Harris,/players/h/harrima01.html,42,,,,University of Michigan,2007
Scott Martin,https://www.sports-reference.com/cbb/players/scott-martin-1.html,43,,,,University of Notre Dame,2007
Senario Hillman,https://www.sports-reference.com/cbb/players/senario-hillman-1.html,44,,,,University of Alabama,2007
Mac Koshwal,https://www.sports-reference.com/cbb/players/mac-koshwal-1.html,45,,,,DePaul University,2007
James Johnson,/players/j/johnsja01.html,46,2009,1,16,Wake Forest University,2007
JaJuan Johnson,/players/j/johnsja02.html,47,2011,1,27,Purdue University,2007
Jeff Robinson,https://www.sports-reference.com/cbb/players/jeff-robinson-2.html,48,,,,Seton Hall University,2007
Matthew Bryan-Amaning,https://www.sports-reference.com/cbb/players/matthew-bryan-amaning-1.html,49,,,,University of Washington,2007
Scoop Jardine,https://www.sports-reference.com/cbb/players/scoop-jardine-1.html,50,,,,Syracuse University,2007
Craig Brackins,/players/b/brackcr01.html,51,2010,1,21,Iowa State University,2007
Evan Turner,/players/t/turneev01.html,52,2010,1,2,Ohio State University,2007
Alex Tyus,https://www.sports-reference.com/cbb/players/alex-tyus-1.html,53,,,,University of Florida,2007
Rico Pickett,https://www.sports-reference.com/cbb/players/rico-pickett-1.html,54,,,,Manhattan College,2007
Jeff Teague,/players/t/teaguje01.html,55,2009,1,19,Wake Forest University,2007
Chris Wright,/players/w/wrighch01.html,56,,,,University of Dayton,2007
Jon Diebler,/players/d/diebljo01.html,57,2011,2,51,Ohio State University,2007
Anthony McClain,https://www.sports-reference.com/cbb/players/anthony-mcclain-1.html,58,,,,University of Cincinnati,2007
Chace Stanback,/players/s/stanbch01.html,59,,,,"University of Nevada, Las Vegas",2007
Rick Jackson,https://www.sports-reference.com/cbb/players/rick-jackson-1.html,60,,,,Syracuse University,2007
Robbie Hummel,/players/h/hummero01.html,61,2012,2,58,Purdue University,2007
Marcus Morris,/players/m/morrima03.html,62,2011,1,14,University of Kansas,2007
Tyrel Reed,https://www.sports-reference.com/cbb/players/tyrel-reed-1.html,63,,,,University of Kansas,2007
Tracy Smith,https://www.sports-reference.com/cbb/players/tracy-smith-1.html,64,,,,North Carolina State University,2007
Demetri McCamey,https://www.sports-reference.com/cbb/players/demetri-mccamey-1.html,65,,,,University of Illinois at Urbana-Champaign,2007
Jeff Jones,https://www.sports-reference.com/cbb/players/jeff-jones-2.html,66,,,,University of Virginia,2007
Rakim Sanders,https://www.sports-reference.com/cbb/players/rakim-sanders-1.html,66,,,,Fairfield University,2007
Corey Chandler,https://www.sports-reference.com/cbb/players/corey-chandler-1.html,68,,,,Rutgers University,2007
Braxton Dupree,https://www.sports-reference.com/cbb/players/braxton-dupree-1.html,69,,,,Towson University,2007
Bill Walker,/players/w/walkebi01.html,69,2008,2,47,Kansas State University,2007
Dorenzo Hudson,https://www.sports-reference.com/cbb/players/dorenzo-hudson-1.html,71,,,,Virginia Polytechnic Institute and State University,2007
Eddie Rios,https://www.sports-reference.com/cbb/players/eddie-rios-1.html,72,,,,Texas State University,2007
Julian Vaughn,https://www.sports-reference.com/cbb/players/julian-vaughn-1.html,73,,,,Georgetown University,2007
Malcolm Delaney,https://www.sports-reference.com/cbb/players/malcolm-delaney-1.html,74,,,,Virginia Polytechnic Institute and State University,2007
Dallas Lauderdale,https://www.sports-reference.com/cbb/players/dallas-lauderdale-1.html,75,,,,Ohio State University,2007
Jason Henry,https://www.sports-reference.com/cbb/players/jason-henry-1.html,76,,,,University of Arkansas,2007
Gus Gilchrist,https://www.sports-reference.com/cbb/players/augustus-gilchrist-1.html,77,,,,University of South Florida,2007
Dominique Sutton,https://www.sports-reference.com/cbb/players/dominique-sutton-1.html,78,,,,,2007
Beas Hamga,https://www.sports-reference.com/cbb/players/beas-hamga-1.html,79,,,,University of Alabama at Birmingham,2007
Justin Burrell,https://www.sports-reference.com/cbb/players/justin-burrell-1.html,80,,,,St. John's University,2007
Jeremy Price,https://www.sports-reference.com/cbb/players/jeremy-price-1.html,80,,,,University of Georgia,2007
Clint Chapman,https://www.sports-reference.com/cbb/players/clint-chapman-1.html,82,,,,University of Texas at Austin,2007
Jeff Allen,https://www.sports-reference.com/cbb/players/jeff-allen-2.html,83,,,,Virginia Polytechnic Institute and State University,2007
George Goode,https://www.sports-reference.com/cbb/players/george-goode-1.html,84,,,,Fairleigh Dickinson University,2007
Jeff Brooks,https://www.sports-reference.com/cbb/players/jeff-brooks-1.html,85,,,,Pennsylvania State University,2007
Ravern Johnson,https://www.sports-reference.com/cbb/players/ravern-johnson-1.html,86,,,,Mississippi State University,2007
Maurice Miller,https://www.sports-reference.com/cbb/players/maurice-miller-1.html,87,,,,Georgia Institute of Technology,2007
Jon Leuer,/players/l/leuerjo01.html,88,2011,2,40,University of Wisconsin,2007
Brad Wanamaker,/players/w/wanambr01.html,89,,,,University of Pittsburgh,2007
Eli Holman,https://www.sports-reference.com/cbb/players/eli-holman-1.html,90,,,,University of Detroit Mercy,2007
Trevor Mbakwe,https://www.sports-reference.com/cbb/players/trevor-mbakwe-1.html,91,,,,University of Minnesota,2007
Markieff Morris,/players/m/morrima02.html,92,2011,1,13,University of Kansas,2007
Brandon McGee,https://www.sports-reference.com/cbb/players/brandon-mcgee-1.html,93,,,,Georgia State University,2007
Martavius Adams,https://www.sports-reference.com/cbb/players/martavius-adams-1.html,94,,,,Longwood University,2007
Darnell Gant,https://www.sports-reference.com/cbb/players/darnell-gant-1.html,95,,,,University of Washington,2007
Mike Holmes,https://www.sports-reference.com/cbb/players/mike-holmes-1.html,96,,,,,2007
Mamadou Diarra,https://www.sports-reference.com/cbb/players/mamadou-diarra-1.html,97,,,,University of Southern California,2007
Tyrone Shelley,https://www.sports-reference.com/cbb/players/tyrone-shelley-1.html,98,,,,San Diego State University,2007
Leonard Washington,https://www.sports-reference.com/cbb/players/leonard-washington-1.html,99,,,,University of Wyoming,2007
Steven Gray,https://www.sports-reference.com/cbb/players/steven-gray-1.html,100,,,,Gonzaga University,2007