name,link,rank,draft_year,draft_rd,draft_pk,college,recruit_year
Anthony Davis,/players/d/davisan02.html,1,2012,1,1,University of Kentucky,2011
Austin Rivers,/players/r/riverau01.html,2,2012,1,10,Duke University,2011
Michael Kidd-Gilchrist,/players/k/kiddgmi01.html,3,2012,1,2,University of Kentucky,2011
Bradley Beal,/players/b/bealbr01.html,4,2012,1,3,University of Florida,2011
Quincy Miller,/players/m/millequ01.html,5,2012,2,38,Baylor University,2011
James Michael McAdoo,/players/m/mcadoja01.html,6,,,,University of North Carolina,2011
Marquis Teague,/players/t/teaguma01.html,7,2012,1,29,University of Kentucky,2011
Le'Bryan Nash,/players/n/nashle01.html,8,,,,Oklahoma State University,2011
Adonis Thomas,/players/t/thomaad01.html,9,,,,University of Memphis,2011
Cody Zeller,/players/z/zelleco01.html,10,2013,1,4,Indiana University,2011
Khem Birch,/players/b/birchkh01.html,11,,,,"University of Nevada, Las Vegas",2011
P.J. Hairston,/players/h/hairspj02.html,11,2014,1,26,University of North Carolina,2011
Myck Kabongo,/players/k/kabonmy01.html,13,,,,University of Texas at Austin,2011
Josiah Turner,https://www.sports-reference.com/cbb/players/josiah-turner-1.html,14,,,,University of Arizona,2011
Kentavious Caldwell-Pope,/players/c/caldwke01.html,15,2013,1,8,University of Georgia,2011
Jabari Brown,/players/b/brownja01.html,16,,,,University of Missouri,2011
Branden Dawson,/players/d/dawsobr01.html,17,2015,2,56,Michigan State University,2011
Tony Wroten,/players/w/wroteto01.html,18,2012,1,25,University of Washington,2011
Kyle Wiltjer,/players/w/wiltjky01.html,19,,,,Gonzaga University,2011
B.J. Young,/players/y/youngbj01.html,20,,,,University of Arkansas,2011
Rakeem Christmas,/players/c/chrisra01.html,21,2015,2,36,Syracuse University,2011
Dorian Finney-Smith,/players/f/finnedo01.html,22,,,,University of Florida,2011
Nick Johnson,/players/j/johnsni01.html,22,2014,2,42,University of Arizona,2011
Chane Behanan,https://www.sports-reference.com/cbb/players/chane-behanan-1.html,24,,,,University of Louisville,2011
Michael Carter-Williams,/players/c/cartemi01.html,25,2013,1,11,Syracuse University,2011
Wayne Blackshear,https://www.sports-reference.com/cbb/players/wayne-blackshear-1.html,26,,,,University of Louisville,2011
Rodney Hood,/players/h/hoodro01.html,27,2014,1,23,Duke University,2011
Michael Gbinije,/players/g/gbinimi01.html,28,2016,2,49,Syracuse University,2011
Levi Randolph,/players/r/randole01.html,29,,,,University of Alabama,2011
Jahii Carson,https://www.sports-reference.com/cbb/players/jahii-carson-1.html,30,,,,Arizona State University,2011
Quinn Cook,/players/c/cookqu01.html,31,,,,Duke University,2011
Shannon Scott,/players/s/scottsh02.html,32,,,,Ohio State University,2011
DeAndre Daniels,/players/d/daniede01.html,32,2014,2,37,University of Connecticut,2011
Otto Porter,/players/p/porteot01.html,34,2013,1,3,Georgetown University,2011
Sir'Dominic Pointer,/players/p/pointsi01.html,35,2015,2,53,St. John's University,2011
Trevor Lacey,https://www.sports-reference.com/cbb/players/trevor-lacey-1.html,36,,,,North Carolina State University,2011
Adjehi Baru,https://www.sports-reference.com/cbb/players/adjehi-baru-1.html,37,,,,College of Charleston,2011
Maurice Harkless,/players/h/harklma01.html,38,2012,1,15,St. John's University,2011
Johnny O'Bryant,/players/o/obryajo01.html,39,2014,2,36,Louisiana State University,2011
Jakarr Sampson,/players/s/sampsja02.html,40,,,,St. John's University,2011
Ben McLemore,/players/m/mclembe01.html,41,2013,1,7,University of Kansas,2011
Rashad Madden,https://www.sports-reference.com/cbb/players/rashad-madden-1.html,42,,,,University of Arkansas,2011
Nick Faust,https://www.sports-reference.com/cbb/players/nick-faust-1.html,43,,,,"California State University, Long Beach",2011
LaQuinton Ross,https://www.sports-reference.com/cbb/players/laquinton-ross-1.html,44,,,,Ohio State University,2011
Dai-Jon Parker,https://www.sports-reference.com/cbb/players/dai-jon-parker-1.html,45,,,,Vanderbilt University,2011
Sam Thompson,/players/t/thompsa01.html,46,,,,Ohio State University,2011
D'Angelo Harrison,https://www.sports-reference.com/cbb/players/dangelo-harrison-1.html,47,,,,St. John's University,2011
Sheldon McClellan,/players/m/mcclesh01.html,48,,,,University of Miami,2011
Alex Murphy,https://www.sports-reference.com/cbb/players/alex-murphy-1.html,49,,,,University of Florida,2011
Amir Williams,https://www.sports-reference.com/cbb/players/amir-williams-1.html,50,,,,Ohio State University,2011
Norvel Pelle,/players/p/pelleno01.html,51,,,,,2011
Jamal Branch,https://www.sports-reference.com/cbb/players/jamal-branch-1.html,52,,,,St. John's University,2011
Norman Powell,/players/p/powelno01.html,53,2015,2,46,"University of California, Los Angeles",2011
Dez Wells,/players/w/wellsde01.html,54,,,,University of Maryland,2011
Michael Chandler,https://www.sports-reference.com/cbb/players/michael-chandler-2.html,55,,,,University of Oregon,2011
Tyrone Johnson,https://www.sports-reference.com/cbb/players/ty-johnson-1.html,56,,,,University of South Carolina,2011
Deuce Bello,https://www.sports-reference.com/cbb/players/deuce-bello-1.html,56,,,,University of Missouri,2011
Zach Price,https://www.sports-reference.com/cbb/players/zach-price-1.html,58,,,,University of Louisville,2011
Chris Jones,https://www.sports-reference.com/cbb/players/chris-jones-6.html,59,,,,University of Louisville,2011
Angelo Chol,https://www.sports-reference.com/cbb/players/angelo-chol-1.html,59,,,,San Diego State University,2011
Marshall Plumlee,/players/p/plumlma02.html,61,,,,Duke University,2011
Aaron Thomas,https://www.sports-reference.com/cbb/players/aaron-thomas-3.html,62,,,,Florida State University,2011
Chasson Randle,/players/r/randlch01.html,63,,,,Stanford University,2011
Ryan Boatright,/players/b/boatrry01.html,64,,,,University of Connecticut,2011
Mike Shaw,https://www.sports-reference.com/cbb/players/mike-shaw-1.html,65,,,,Bradley University,2011
Myke Henry,/players/h/henrymy01.html,66,,,,DePaul University,2011
Antwan Space,https://www.sports-reference.com/cbb/players/antwan-space-1.html,67,,,,Texas A&M University,2011
Julien Lewis,https://www.sports-reference.com/cbb/players/julien-lewis-1.html,68,,,,"California State University, Fresno",2011
Tracy Abrams,https://www.sports-reference.com/cbb/players/tracy-abrams-1.html,69,,,,University of Illinois at Urbana-Champaign,2011
Jonathan Holmes,/players/h/holmejo01.html,70,,,,University of Texas at Austin,2011
Hunter Mickelson,https://www.sports-reference.com/cbb/players/hunter-mickelson-1.html,71,,,,University of Kansas,2011
Julian Royal,https://www.sports-reference.com/cbb/players/julian-royal-1.html,72,,,,George Mason University,2011
Amir Garrett,https://www.sports-reference.com/cbb/players/amir-garrett-1.html,73,,,,St. John's University,2011
Malcolm Gilbert,https://www.sports-reference.com/cbb/players/malcolm-gilbert-1.html,74,,,,Fairfield University,2011
Kevin Ware,https://www.sports-reference.com/cbb/players/kevin-ware-1.html,74,,,,Georgia State University,2011
Erik Copes,https://www.sports-reference.com/cbb/players/erik-copes-1.html,76,,,,George Mason University,2011
Gary Bell,https://www.sports-reference.com/cbb/players/gary-bell-1.html,77,,,,Gonzaga University,2011
Nnanna Egwu,/players/e/egwunn01.html,78,,,,University of Illinois at Urbana-Champaign,2011
Trevor Cooney,https://www.sports-reference.com/cbb/players/trevor-cooney-1.html,79,,,,Syracuse University,2011
Tyler Adams,https://www.sports-reference.com/cbb/players/tyler-adams-1.html,80,,,,Georgetown University,2011
Juan Anderson,https://www.sports-reference.com/cbb/players/juan-anderson-1.html,81,,,,Marquette University,2011
Myles Mack,https://www.sports-reference.com/cbb/players/myles-mack-1.html,81,,,,Rutgers University,2011
Cezar Guerrero,https://www.sports-reference.com/cbb/players/cezar-guerrero-1.html,83,,,,"California State University, Fresno",2011
Joseph Uchebo,https://www.sports-reference.com/cbb/players/joseph-uchebo-1.html,83,,,,University of Pittsburgh,2011
Jabarie Hinds,https://www.sports-reference.com/cbb/players/jabarie-hinds-1.html,85,,,,University of Massachusetts Amherst,2011
D.J. Gardner,,86,,,,Mississippi State University,2011
Robert Brown,https://www.sports-reference.com/cbb/players/robert-brown-4.html,86,,,,University of Alabama at Birmingham,2011
Derrick Gordon,https://www.sports-reference.com/cbb/players/derrick-gordon-1.html,86,,,,Seton Hall University,2011
Sidiki Johnson,https://www.sports-reference.com/cbb/players/sidiki-johnson-1.html,89,,,,Providence College,2011
Rodney Cooper,https://www.sports-reference.com/cbb/players/rodney-cooper-1.html,90,,,,University of Alabama,2011
Naadir Tharpe,https://www.sports-reference.com/cbb/players/naadir-tharpe-1.html,91,,,,University of Kansas,2011
Deville Smith,https://www.sports-reference.com/cbb/players/deville-smith-1.html,92,,,,University of Tennessee at Martin,2011
Shaquille Thomas,https://www.sports-reference.com/cbb/players/shaquille-thomas-1.html,93,,,,University of Cincinnati,2011
Malcolm Brogdon,/players/b/brogdma01.html,94,2016,2,36,University of Virginia,2011
Kedren Johnson,https://www.sports-reference.com/cbb/players/kedren-johnson-1.html,95,,,,University of Memphis,2011
Bernard Sullivan,https://www.sports-reference.com/cbb/players/bernard-sullivan-1.html,96,,,,University of North Carolina at Charlotte,2011
Carlton Brundidge,https://www.sports-reference.com/cbb/players/carlton-brundidge-1.html,97,,,,University of Detroit Mercy,2011
Mikael Hopkins,https://www.sports-reference.com/cbb/players/mikael-hopkins-1.html,98,,,,Georgetown University,2011
Damien Leonard,https://www.sports-reference.com/cbb/players/damien-leonard-1.html,99,,,,University of South Carolina,2011
C.J. Barksdale,https://www.sports-reference.com/cbb/players/cj-barksdale-1.html,100,,,,Virginia Polytechnic Institute and State University,2011