name,link,rank,draft_year,draft_rd,draft_pk,college,recruit_year
Andrew Wiggins,/players/w/wiggian01.html,1,2014,1,1,University of Kansas,2013
Julius Randle,/players/r/randlju01.html,2,2014,1,7,University of Kentucky,2013
Jabari Parker,/players/p/parkeja01.html,3,2014,1,2,Duke University,2013
Aaron Gordon,/players/g/gordoaa01.html,4,2014,1,4,University of Arizona,2013
Andrew Harrison,/players/h/harrian01.html,5,2015,2,44,University of Kentucky,2013
Aaron Harrison,/players/h/harriaa01.html,6,,,,University of Kentucky,2013
Chris Walker,/players/w/walkech02.html,7,,,,University of Florida,2013
Noah Vonleh,/players/v/vonleno01.html,8,2014,1,9,Indiana University,2013
James Young,/players/y/youngja01.html,9,2014,1,17,University of Kentucky,2013
Dakari Johnson,/players/j/johnsda04.html,9,2015,2,48,University of Kentucky,2013
Kasey Hill,https://www.sports-reference.com/cbb/players/kasey-hill-1.html,11,,,,University of Florida,2013
Jarell Martin,/players/m/martija01.html,12,2015,1,25,Louisiana State University,2013
Wayne Selden,/players/s/seldewa01.html,13,,,,University of Kansas,2013
Isaiah Hicks,/players/h/hicksis01.html,14,,,,University of North Carolina,2013
Bobby Portis,/players/p/portibo01.html,14,2015,1,22,University of Arkansas,2013
Joel Embiid,/players/e/embiijo01.html,16,2014,1,3,University of Kansas,2013
Rondae Hollis-Jefferson,/players/h/holliro01.html,16,2015,1,23,University of Arizona,2013
Marcus Lee,/players/l/leema02.html,18,,,,University of Kentucky,2013
Isaac Hamilton,/players/h/hamilis01.html,19,,,,"University of California, Los Angeles",2013
Austin Nichols,https://www.sports-reference.com/cbb/players/austin-nichols-2.html,20,,,,University of Virginia,2013
Jabari Bird,/players/b/birdja01.html,20,2017,2,56,University of California,2013
Robert Hubbs,https://www.sports-reference.com/cbb/players/robert-hubbs-1.html,22,,,,University of Tennessee,2013
Tyler Ennis,/players/e/ennisty01.html,23,2014,1,18,Syracuse University,2013
Anthony 'Cat' Barber,/players/b/barbeca01.html,24,,,,North Carolina State University,2013
Jermaine Lawrence,https://www.sports-reference.com/cbb/players/jermaine-lawrence-1.html,25,,,,Manhattan College,2013
Rysheed Jordan,https://www.sports-reference.com/cbb/players/rysheed-jordan-1.html,26,,,,St. John's University,2013
Keith Frazier,https://www.sports-reference.com/cbb/players/keith-frazier-1.html,27,,,,Southern Methodist University,2013
Nigel Williams-Goss,/players/w/willini01.html,27,2017,2,55,Gonzaga University,2013
Zak Irvin,https://www.sports-reference.com/cbb/players/zak-irvin-1.html,29,,,,University of Michigan,2013
JaJuan Johnson,https://www.sports-reference.com/cbb/players/jajuan-johnson-2.html,30,,,,Marquette University,2013
Kuran Iverson,https://www.sports-reference.com/cbb/players/kuran-iverson-1.html,30,,,,University of Rhode Island,2013
Semi Ojeleye,/players/o/ojelese01.html,32,2017,2,37,Southern Methodist University,2013
Demetrius Jackson,/players/j/jacksde01.html,33,2016,2,45,University of Notre Dame,2013
Matt Jones,/players/j/jonesma04.html,34,,,,Duke University,2013
Sindarius Thornwell,/players/t/thornsi01.html,34,2017,2,48,University of South Carolina,2013
Brannen Greene,https://www.sports-reference.com/cbb/players/brannen-greene-1.html,36,,,,University of Kansas,2013
Tyler Roberson,https://www.sports-reference.com/cbb/players/tyler-roberson-1.html,37,,,,Syracuse University,2013
Jordan Mickey,/players/m/mickejo01.html,38,2015,2,33,Louisiana State University,2013
Eric Mika,https://www.sports-reference.com/cbb/players/eric-mika-2.html,39,,,,Brigham Young University,2013
Conner Frankamp,https://www.sports-reference.com/cbb/players/conner-frankamp-1.html,40,,,,Wichita State University,2013
Nick King,/players/k/kingni01.html,40,,,,University of Alabama,2013
Johnathan Williams,/players/w/willijo04.html,42,,,,Gonzaga University,2013
Xavier Rathan-Mayes,/players/r/rathaxa01.html,43,,,,Florida State University,2013
Derrick Walton,/players/w/waltode01.html,44,,,,University of Michigan,2013
Christian Wood,/players/w/woodch01.html,45,,,,"University of Nevada, Las Vegas",2013
Roddy Peters,https://www.sports-reference.com/cbb/players/roddy-peters-1.html,46,,,,University of South Florida,2013
Moses Kingsley,https://www.sports-reference.com/cbb/players/moses-kingsley-1.html,47,,,,University of Arkansas,2013
Brandon Austin,/players/a/austibr02.html,48,,,,,2013
Zach LaVine,/players/l/lavinza01.html,49,2014,1,13,"University of California, Los Angeles",2013
Anton Gill,https://www.sports-reference.com/cbb/players/anton-gill-1.html,50,,,,University of Louisville,2013
Troy Williams,/players/w/willitr02.html,51,,,,Indiana University,2013
Matt Thomas,https://www.sports-reference.com/cbb/players/matt-thomas-2.html,52,,,,Iowa State University,2013
Terry Rozier,/players/r/roziete01.html,53,2015,1,16,University of Louisville,2013
Deonte Burton,/players/b/burtode02.html,54,,,,Iowa State University,2013
Devin Williams,/players/w/willide03.html,55,,,,West Virginia University,2013
Kennedy Meeks,/players/m/meekske01.html,56,,,,University of North Carolina,2013
Kendrick Nunn,/players/n/nunnke01.html,57,,,,University of Illinois at Urbana-Champaign,2013
Ish Wainright,https://www.sports-reference.com/cbb/players/ish-wainright-1.html,58,,,,Baylor University,2013
Duane Wilson,https://www.sports-reference.com/cbb/players/duane-wilson-1.html,59,,,,Marquette University,2013
John Egbunu,https://www.sports-reference.com/cbb/players/john-egbunu-1.html,60,,,,University of Florida,2013
Stanford Robinson,https://www.sports-reference.com/cbb/players/stanford-robinson-1.html,61,,,,University of Rhode Island,2013
Allerik Freeman,https://www.sports-reference.com/cbb/players/allerik-freeman-2.html,62,,,,Baylor University,2013
Kendall Stephens,https://www.sports-reference.com/cbb/players/kendall-stephens-1.html,63,,,,Purdue University,2013
Beejay Anya,https://www.sports-reference.com/cbb/players/beejay-anya-1.html,64,,,,North Carolina State University,2013
Karviar Shepherd,https://www.sports-reference.com/cbb/players/karviar-shepherd-1.html,64,,,,Texas Christian University,2013
Marc Loving,https://www.sports-reference.com/cbb/players/marc-loving-1.html,66,,,,Ohio State University,2013
Jimmie Taylor,https://www.sports-reference.com/cbb/players/jimmie-taylor-1.html,67,,,,University of Alabama,2013
Detrick Mostella,https://www.sports-reference.com/cbb/players/detrick-mostella-1.html,68,,,,University of Tennessee,2013
Nick Emery,https://www.sports-reference.com/cbb/players/nick-emery-1.html,69,,,,Brigham Young University,2013
Malcolm Hill,https://www.sports-reference.com/cbb/players/malcolm-hill-1.html,70,,,,University of Illinois at Urbana-Champaign,2013
Luke Fischer,https://www.sports-reference.com/cbb/players/luke-fischer-1.html,71,,,,Marquette University,2013
Stevie Clark,https://www.sports-reference.com/cbb/players/stevie-clark-1.html,72,,,,Oklahoma State University,2013
Jordan Bell,/players/b/belljo01.html,73,2017,2,38,University of Oregon,2013
Tim Quarterman,/players/q/quartti01.html,74,,,,Louisiana State University,2013
Reggie Cameron,https://www.sports-reference.com/cbb/players/reggie-cameron-1.html,75,,,,Georgetown University,2013
Kam Williams,https://www.sports-reference.com/cbb/players/kam-williams-1.html,76,,,,Ohio State University,2013
V.J. Beachem,/players/b/beachvj01.html,77,,,,University of Notre Dame,2013
Kris Jenkins,https://www.sports-reference.com/cbb/players/kris-jenkins-1.html,78,,,,Villanova University,2013
Bronson Koenig,/players/k/koenibr01.html,79,,,,University of Wisconsin,2013
Mamadou Ndiaye,https://www.sports-reference.com/cbb/players/mamadou-ndiaye-2.html,80,,,,"University of California, Irvine",2013
Markel Crawford,/players/c/crawfma01.html,81,,,,University of Memphis,2013
Damian Jones,/players/j/jonesda03.html,82,2016,1,30,,2013
Dominic Woodson,https://www.sports-reference.com/cbb/players/dominic-woodson-1.html,83,,,,University of Tennessee,2013
Bryson Scott,https://www.sports-reference.com/cbb/players/bryson-scott-1.html,84,,,,Indiana University-Purdue University Fort Wayne,2013
Aquille Carr,,85,,,,,2013
Michael Young,/players/y/youngmi02.html,85,,,,University of Pittsburgh,2013
Wes Clark,https://www.sports-reference.com/cbb/players/wes-clark-2.html,87,,,,University of Missouri,2013
Akoy Agau,https://www.sports-reference.com/cbb/players/akoy-agau-1.html,88,,,,Georgetown University,2013
Frank Mason,/players/m/masonfr01.html,89,2017,2,34,University of Kansas,2013
Kentan Facey,https://www.sports-reference.com/cbb/players/kentan-facey-1.html,90,,,,University of Connecticut,2013
Zena Edosomwan,https://www.sports-reference.com/cbb/players/zena-edosomwan-1.html,91,,,,Harvard University,2013
Dakarai Allen,https://www.sports-reference.com/cbb/players/dakarai-allen-1.html,92,,,,San Diego State University,2013
Nate Britt,https://www.sports-reference.com/cbb/players/nate-britt-1.html,93,,,,University of North Carolina,2013
Josh Hart,/players/h/hartjo01.html,94,2017,1,30,Villanova University,2013
Anthony January,,95,,,,,2013
Marcus Allen,https://www.sports-reference.com/cbb/players/marcus-allen-2.html,96,,,,Stanford University,2013
Pookie Powell,https://www.sports-reference.com/cbb/players/rashawn-powell-1.html,97,,,,La Salle University,2013
Brandon Randolph,https://www.sports-reference.com/cbb/players/brandon-randolph-1.html,98,,,,Utah Valley State College,2013
Kyle Washington,https://www.sports-reference.com/cbb/players/kyle-washington-2.html,99,,,,University of Cincinnati,2013
Tre'Shaun Fletcher,https://www.sports-reference.com/cbb/players/treshaun-fletcher-1.html,100,,,,University of Colorado,2013